TABLE NO.  1
 ID          TIME        DV          MDV         EVID        IPRE        IWRE        CWRES       DV          PRED        RES         WRES
  1.0000E+00  0.0000E+00  0.0000E+00  1.0000E+00  1.0000E+00  1.8013E+01 -6.5452E+00  0.0000E+00  0.0000E+00  1.7773E+01  0.0000E+00  0.0000E+00
  1.0000E+00  2.0000E+00  1.7300E+01  0.0000E+00  0.0000E+00  1.7876E+01 -2.0930E-01 -2.3891E-01  1.7300E+01  1.7624E+01 -3.2394E-01 -2.2910E-01
  1.0000E+00  1.2500E+01  0.0000E+00  1.0000E+00  1.0000E+00  1.9693E+01 -7.1331E+00  0.0000E+00  0.0000E+00  1.9351E+01  0.0000E+00  0.0000E+00
  1.0000E+00  2.4500E+01  0.0000E+00  1.0000E+00  1.0000E+00  2.1331E+01 -7.7005E+00  0.0000E+00  0.0000E+00  2.0886E+01  0.0000E+00  0.0000E+00
  1.0000E+00  3.7000E+01  0.0000E+00  1.0000E+00  1.0000E+00  2.2856E+01 -8.2236E+00  0.0000E+00  0.0000E+00  2.2304E+01  0.0000E+00  0.0000E+00
  1.0000E+00  4.8000E+01  0.0000E+00  1.0000E+00  1.0000E+00  2.4436E+01 -8.7598E+00  0.0000E+00  0.0000E+00  2.3784E+01  0.0000E+00  0.0000E+00
  1.0000E+00  6.0500E+01  0.0000E+00  1.0000E+00  1.0000E+00  2.5816E+01 -9.2233E+00  0.0000E+00  0.0000E+00  2.5054E+01  0.0000E+00  0.0000E+00
  1.0000E+00  7.2500E+01  0.0000E+00  1.0000E+00  1.0000E+00  2.7179E+01 -9.6763E+00  0.0000E+00  0.0000E+00  2.6309E+01  0.0000E+00  0.0000E+00
  1.0000E+00  8.5300E+01  0.0000E+00  1.0000E+00  1.0000E+00  2.8401E+01 -1.0079E+01  0.0000E+00  0.0000E+00  2.7418E+01  0.0000E+00  0.0000E+00
  1.0000E+00  9.6500E+01  0.0000E+00  1.0000E+00  1.0000E+00  2.9731E+01 -1.0512E+01  0.0000E+00  0.0000E+00  2.8644E+01  0.0000E+00  0.0000E+00
  1.0000E+00  1.0850E+02  0.0000E+00  1.0000E+00  1.0000E+00  3.0918E+01 -1.0894E+01  0.0000E+00  0.0000E+00  2.9722E+01  0.0000E+00  0.0000E+00
  1.0000E+00  1.1250E+02  3.1000E+01  0.0000E+00  0.0000E+00  3.0448E+01  1.9468E-01  2.9108E-01  3.1000E+01  2.9226E+01  1.7738E+00  2.9642E-01
  2.0000E+00  0.0000E+00  0.0000E+00  1.0000E+00  1.0000E+00  1.2133E+01 -4.4482E+00  0.0000E+00  0.0000E+00  1.0664E+01  0.0000E+00  0.0000E+00
  2.0000E+00  2.0000E+00  9.7000E+00  0.0000E+00  0.0000E+00  1.2037E+01 -8.5707E-01 -8.2816E-01  9.7000E+00  1.0574E+01 -8.7437E-01 -8.2069E-01
  2.0000E+00  4.0000E+00  0.0000E+00  1.0000E+00  1.0000E+00  1.5017E+01 -5.4837E+00  0.0000E+00  0.0000E+00  1.3187E+01  0.0000E+00  0.0000E+00
  2.0000E+00  1.6000E+01  0.0000E+00  1.0000E+00  1.0000E+00  1.7397E+01 -6.3283E+00  0.0000E+00  0.0000E+00  1.5240E+01  0.0000E+00  0.0000E+00
  2.0000E+00  2.7800E+01  0.0000E+00  1.0000E+00  1.0000E+00  1.9681E+01 -7.1287E+00  0.0000E+00  0.0000E+00  1.7203E+01  0.0000E+00  0.0000E+00
  2.0000E+00  4.0000E+01  0.0000E+00  1.0000E+00  1.0000E+00  2.1831E+01 -7.8726E+00  0.0000E+00  0.0000E+00  1.9044E+01  0.0000E+00  0.0000E+00
  2.0000E+00  5.2000E+01  0.0000E+00  1.0000E+00  1.0000E+00  2.3897E+01 -8.5777E+00  0.0000E+00  0.0000E+00  2.0808E+01  0.0000E+00  0.0000E+00
  2.0000E+00  6.3500E+01  2.4600E+01  0.0000E+00  0.0000E+00  2.2839E+01  6.3349E-01  7.8088E-01  2.4600E+01  1.9825E+01  4.7749E+00  8.0586E-01
  2.0000E+00  6.4000E+01  0.0000E+00  1.0000E+00  1.0000E+00  2.5868E+01 -9.2407E+00  0.0000E+00  0.0000E+00  2.2485E+01  0.0000E+00  0.0000E+00
  2.0000E+00  7.6000E+01  0.0000E+00  1.0000E+00  1.0000E+00  2.7748E+01 -9.8640E+00  0.0000E+00  0.0000E+00  2.4079E+01  0.0000E+00  0.0000E+00
  2.0000E+00  8.8000E+01  0.0000E+00  1.0000E+00  1.0000E+00  2.9541E+01 -1.0450E+01  0.0000E+00  0.0000E+00  2.5596E+01  0.0000E+00  0.0000E+00
  2.0000E+00  1.0000E+02  0.0000E+00  1.0000E+00  1.0000E+00  3.1251E+01 -1.1001E+01  0.0000E+00  0.0000E+00  2.7037E+01  0.0000E+00  0.0000E+00
  2.0000E+00  1.1200E+02  0.0000E+00  1.0000E+00  1.0000E+00  3.2882E+01 -1.1518E+01  0.0000E+00  0.0000E+00  2.8407E+01  0.0000E+00  0.0000E+00
  2.0000E+00  1.2400E+02  0.0000E+00  1.0000E+00  1.0000E+00  3.4438E+01 -1.2005E+01  0.0000E+00  0.0000E+00  2.9710E+01  0.0000E+00  0.0000E+00
  2.0000E+00  1.3550E+02  3.3000E+01  0.0000E+00  0.0000E+00  3.2914E+01  3.0242E-02  3.4354E-01  3.3000E+01  2.8307E+01  4.6927E+00  3.7717E-01
  3.0000E+00  0.0000E+00  0.0000E+00  1.0000E+00  1.0000E+00  1.7786E+01 -6.4655E+00  0.0000E+00  0.0000E+00  2.1327E+01  0.0000E+00  0.0000E+00
  3.0000E+00  1.5000E+00  1.8000E+01  0.0000E+00  0.0000E+00  1.7649E+01  1.2758E-01  7.2665E-02  1.8000E+01  2.1193E+01 -3.1933E+00  1.3117E-01
  3.0000E+00  1.1500E+01  0.0000E+00  1.0000E+00  1.0000E+00  1.8954E+01 -6.8749E+00  0.0000E+00  0.0000E+00  2.2951E+01  0.0000E+00  0.0000E+00
  3.0000E+00  2.3500E+01  0.0000E+00  1.0000E+00  1.0000E+00  2.0007E+01 -7.2423E+00  0.0000E+00  0.0000E+00  2.4451E+01  0.0000E+00  0.0000E+00
  3.0000E+00  3.5500E+01  0.0000E+00  1.0000E+00  1.0000E+00  2.0998E+01 -7.5855E+00  0.0000E+00  0.0000E+00  2.5878E+01  0.0000E+00  0.0000E+00
  3.0000E+00  4.7500E+01  0.0000E+00  1.0000E+00  1.0000E+00  2.1929E+01 -7.9061E+00  0.0000E+00  0.0000E+00  2.7234E+01  0.0000E+00  0.0000E+00
  3.0000E+00  5.9300E+01  0.0000E+00  1.0000E+00  1.0000E+00  2.2825E+01 -8.2129E+00  0.0000E+00  0.0000E+00  2.8546E+01  0.0000E+00  0.0000E+00
  3.0000E+00  7.3000E+01  0.0000E+00  1.0000E+00  1.0000E+00  2.3458E+01 -8.4286E+00  0.0000E+00  0.0000E+00  2.9577E+01  0.0000E+00  0.0000E+00
  3.0000E+00  8.3500E+01  2.3800E+01  0.0000E+00  0.0000E+00  2.2219E+01  5.6965E-01  2.0892E-01  2.3800E+01  2.8299E+01 -4.4994E+00  2.7262E-01
  3.0000E+00  8.4000E+01  0.0000E+00  1.0000E+00  1.0000E+00  2.4355E+01 -8.7326E+00  0.0000E+00  0.0000E+00  3.0870E+01  0.0000E+00  0.0000E+00
  3.0000E+00  9.6500E+01  0.0000E+00  1.0000E+00  1.0000E+00  2.5025E+01 -8.9583E+00  0.0000E+00  0.0000E+00  3.1919E+01  0.0000E+00  0.0000E+00
  3.0000E+00  1.0850E+02  0.0000E+00  1.0000E+00  1.0000E+00  2.5714E+01 -9.1891E+00  0.0000E+00  0.0000E+00  3.2978E+01  0.0000E+00  0.0000E+00
  3.0000E+00  1.2000E+02  0.0000E+00  1.0000E+00  1.0000E+00  2.6424E+01 -9.4258E+00  0.0000E+00  0.0000E+00  3.4051E+01  0.0000E+00  0.0000E+00
  3.0000E+00  1.3200E+02  0.0000E+00  1.0000E+00  1.0000E+00  2.7028E+01 -9.6264E+00  0.0000E+00  0.0000E+00  3.5005E+01  0.0000E+00  0.0000E+00
  3.0000E+00  1.3430E+02  2.4300E+01  0.0000E+00  0.0000E+00  2.6709E+01 -8.5859E-01 -1.3994E+00  2.4300E+01  3.4668E+01 -1.0368E+01 -1.2960E+00
  4.0000E+00  0.0000E+00  0.0000E+00  1.0000E+00  1.0000E+00  2.0697E+01 -7.4813E+00  0.0000E+00  0.0000E+00  1.3223E+01  0.0000E+00  0.0000E+00
  4.0000E+00  1.8000E+00  2.0800E+01  0.0000E+00  0.0000E+00  2.0522E+01  1.0069E-01  5.0086E-01  2.0800E+01  1.3123E+01  7.6768E+00  6.0146E-01
  4.0000E+00  1.2000E+01  0.0000E+00  1.0000E+00  1.0000E+00  2.2116E+01 -7.9703E+00  0.0000E+00  0.0000E+00  1.4207E+01  0.0000E+00  0.0000E+00
  4.0000E+00  2.4300E+01  0.0000E+00  1.0000E+00  1.0000E+00  2.3428E+01 -8.4182E+00  0.0000E+00  0.0000E+00  1.5126E+01  0.0000E+00  0.0000E+00
  4.0000E+00  3.5800E+01  0.0000E+00  1.0000E+00  1.0000E+00  2.4749E+01 -8.8653E+00  0.0000E+00  0.0000E+00  1.6047E+01  0.0000E+00  0.0000E+00
  4.0000E+00  4.8100E+01  0.0000E+00  1.0000E+00  1.0000E+00  2.5912E+01 -9.2553E+00  0.0000E+00  0.0000E+00  1.6872E+01  0.0000E+00  0.0000E+00
  4.0000E+00  5.9300E+01  2.3900E+01  0.0000E+00  0.0000E+00  2.4577E+01 -2.4272E-01  3.0136E-01  2.3900E+01  1.6096E+01  7.8041E+00  4.2705E-01
  4.0000E+00  5.9800E+01  0.0000E+00  1.0000E+00  1.0000E+00  2.7079E+01 -9.6432E+00  0.0000E+00  0.0000E+00  1.7697E+01  0.0000E+00  0.0000E+00
  4.0000E+00  7.1800E+01  0.0000E+00  1.0000E+00  1.0000E+00  2.8146E+01 -9.9951E+00  0.0000E+00  0.0000E+00  1.8461E+01  0.0000E+00  0.0000E+00
  4.0000E+00  8.3800E+01  0.0000E+00  1.0000E+00  1.0000E+00  2.9155E+01 -1.0325E+01  0.0000E+00  0.0000E+00  1.9187E+01  0.0000E+00  0.0000E+00
  4.0000E+00  9.5800E+01  0.0000E+00  1.0000E+00  1.0000E+00  3.0109E+01 -1.0634E+01  0.0000E+00  0.0000E+00  1.9878E+01  0.0000E+00  0.0000E+00
  4.0000E+00  1.0780E+02  0.0000E+00  1.0000E+00  1.0000E+00  3.1010E+01 -1.0923E+01  0.0000E+00  0.0000E+00  2.0534E+01  0.0000E+00  0.0000E+00
  4.0000E+00  1.1980E+02  0.0000E+00  1.0000E+00  1.0000E+00  3.1861E+01 -1.1195E+01  0.0000E+00  0.0000E+00  2.1159E+01  0.0000E+00  0.0000E+00
  4.0000E+00  1.3080E+02  3.1700E+01  0.0000E+00  0.0000E+00  3.0249E+01  5.1236E-01  1.2451E+00  3.1700E+01  2.0202E+01  1.1498E+01  1.4396E+00
  5.0000E+00  0.0000E+00  0.0000E+00  1.0000E+00  1.0000E+00  1.4173E+01 -5.1823E+00  0.0000E+00  0.0000E+00  1.9195E+01  0.0000E+00  0.0000E+00
  5.0000E+00  2.0000E+00  1.4200E+01  0.0000E+00  0.0000E+00  1.4058E+01  5.2050E-02 -1.8577E-01  1.4200E+01  1.9034E+01 -4.8339E+00 -1.6710E-01
  5.0000E+00  1.2000E+01  0.0000E+00  1.0000E+00  1.0000E+00  1.5278E+01 -5.5768E+00  0.0000E+00  0.0000E+00  2.0667E+01  0.0000E+00  0.0000E+00
  5.0000E+00  2.4000E+01  0.0000E+00  1.0000E+00  1.0000E+00  1.6329E+01 -5.9505E+00  0.0000E+00  0.0000E+00  2.2067E+01  0.0000E+00  0.0000E+00
  5.0000E+00  3.6000E+01  0.0000E+00  1.0000E+00  1.0000E+00  1.7330E+01 -6.3045E+00  0.0000E+00  0.0000E+00  2.3397E+01  0.0000E+00  0.0000E+00
  5.0000E+00  4.8000E+01  0.0000E+00  1.0000E+00  1.0000E+00  1.8282E+01 -6.6397E+00  0.0000E+00  0.0000E+00  2.4663E+01  0.0000E+00  0.0000E+00
  5.0000E+00  5.9500E+01  1.8200E+01  0.0000E+00  0.0000E+00  1.7440E+01  2.7638E-01 -7.8599E-02  1.8200E+01  2.3498E+01 -5.2979E+00 -2.9325E-02
  5.0000E+00  6.0000E+01  0.0000E+00  1.0000E+00  1.0000E+00  1.9189E+01 -6.9572E+00  0.0000E+00  0.0000E+00  2.5866E+01  0.0000E+00  0.0000E+00
  5.0000E+00  7.2000E+01  0.0000E+00  1.0000E+00  1.0000E+00  2.0053E+01 -7.2580E+00  0.0000E+00  0.0000E+00  2.7009E+01  0.0000E+00  0.0000E+00
  5.0000E+00  8.4000E+01  0.0000E+00  1.0000E+00  1.0000E+00  2.0875E+01 -7.5428E+00  0.0000E+00  0.0000E+00  2.8097E+01  0.0000E+00  0.0000E+00
  5.0000E+00  9.6000E+01  0.0000E+00  1.0000E+00  1.0000E+00  2.1657E+01 -7.8127E+00  0.0000E+00  0.0000E+00  2.9131E+01  0.0000E+00  0.0000E+00
  5.0000E+00  1.0800E+02  0.0000E+00  1.0000E+00  1.0000E+00  2.2402E+01 -8.0683E+00  0.0000E+00  0.0000E+00  3.0114E+01  0.0000E+00  0.0000E+00
  5.0000E+00  1.2000E+02  0.0000E+00  1.0000E+00  1.0000E+00  2.3111E+01 -8.3105E+00  0.0000E+00  0.0000E+00  3.1048E+01  0.0000E+00  0.0000E+00
  5.0000E+00  1.3200E+02  2.0300E+01  0.0000E+00  0.0000E+00  2.2001E+01 -6.1327E-01 -1.1244E+00  2.0300E+01  2.9520E+01 -9.2200E+00 -1.0157E+00
  6.0000E+00  0.0000E+00  0.0000E+00  1.0000E+00  1.0000E+00  1.7322E+01 -6.3017E+00  0.0000E+00  0.0000E+00  1.7062E+01  0.0000E+00  0.0000E+00
  6.0000E+00  1.8000E+00  1.9000E+01  0.0000E+00  0.0000E+00  1.7217E+01  6.4873E-01  5.7517E-01  1.9000E+01  1.6933E+01  2.0668E+00  6.0691E-01
  6.0000E+00  1.1800E+01  0.0000E+00  1.0000E+00  1.0000E+00  1.8812E+01 -6.8254E+00  0.0000E+00  0.0000E+00  1.8368E+01  0.0000E+00  0.0000E+00
  6.0000E+00  2.3800E+01  0.0000E+00  1.0000E+00  1.0000E+00  2.0232E+01 -7.3202E+00  0.0000E+00  0.0000E+00  1.9597E+01  0.0000E+00  0.0000E+00
  6.0000E+00  3.5800E+01  0.0000E+00  1.0000E+00  1.0000E+00  2.1595E+01 -7.7915E+00  0.0000E+00  0.0000E+00  2.0765E+01  0.0000E+00  0.0000E+00
  6.0000E+00  4.7800E+01  0.0000E+00  1.0000E+00  1.0000E+00  2.2905E+01 -8.2402E+00  0.0000E+00  0.0000E+00  2.1875E+01  0.0000E+00  0.0000E+00
  6.0000E+00  5.9300E+01  1.7300E+01  0.0000E+00  0.0000E+00  2.2034E+01 -1.7065E+00 -1.6672E+00  1.7300E+01  2.0842E+01 -3.5423E+00 -1.6473E+00
  6.0000E+00  5.9800E+01  0.0000E+00  1.0000E+00  1.0000E+00  2.4163E+01 -8.6674E+00  0.0000E+00  0.0000E+00  2.2931E+01  0.0000E+00  0.0000E+00
  6.0000E+00  7.1800E+01  0.0000E+00  1.0000E+00  1.0000E+00  2.5370E+01 -9.0741E+00  0.0000E+00  0.0000E+00  2.3935E+01  0.0000E+00  0.0000E+00
  6.0000E+00  8.3800E+01  0.0000E+00  1.0000E+00  1.0000E+00  2.6530E+01 -9.4613E+00  0.0000E+00  0.0000E+00  2.4890E+01  0.0000E+00  0.0000E+00
  6.0000E+00  9.5800E+01  0.0000E+00  1.0000E+00  1.0000E+00  2.7644E+01 -9.8300E+00  0.0000E+00  0.0000E+00  2.5797E+01  0.0000E+00  0.0000E+00
  6.0000E+00  1.0780E+02  0.0000E+00  1.0000E+00  1.0000E+00  2.8714E+01 -1.0181E+01  0.0000E+00  0.0000E+00  2.6660E+01  0.0000E+00  0.0000E+00
  6.0000E+00  1.2010E+02  0.0000E+00  1.0000E+00  1.0000E+00  2.9714E+01 -1.0506E+01  0.0000E+00  0.0000E+00  2.7448E+01  0.0000E+00  0.0000E+00
  6.0000E+00  1.3180E+02  0.0000E+00  1.0000E+00  1.0000E+00  3.0730E+01 -1.0834E+01  0.0000E+00  0.0000E+00  2.8263E+01  0.0000E+00  0.0000E+00
  6.0000E+00  1.4280E+02  3.2500E+01  0.0000E+00  0.0000E+00  2.9612E+01  1.0213E+00  1.2465E+00  3.2500E+01  2.6985E+01  5.5154E+00  1.2704E+00
  7.0000E+00  0.0000E+00  0.0000E+00  1.0000E+00  1.0000E+00  1.8324E+01 -6.6544E+00  0.0000E+00  0.0000E+00  1.3507E+01  0.0000E+00  0.0000E+00
  7.0000E+00  2.0000E+00  1.7900E+01  0.0000E+00  0.0000E+00  1.8138E+01 -8.6281E-02  2.6313E-01  1.7900E+01  1.3394E+01  4.5058E+00  3.1257E-01
  7.0000E+00  1.1300E+01  0.0000E+00  1.0000E+00  1.0000E+00  1.9608E+01 -7.1035E+00  0.0000E+00  0.0000E+00  1.4586E+01  0.0000E+00  0.0000E+00
  7.0000E+00  2.3300E+01  0.0000E+00  1.0000E+00  1.0000E+00  2.0754E+01 -7.5012E+00  0.0000E+00  0.0000E+00  1.5575E+01  0.0000E+00  0.0000E+00
  7.0000E+00  3.6500E+01  0.0000E+00  1.0000E+00  1.0000E+00  2.1712E+01 -7.8316E+00  0.0000E+00  0.0000E+00  1.6440E+01  0.0000E+00  0.0000E+00
  7.0000E+00  4.8200E+01  0.0000E+00  1.0000E+00  1.0000E+00  2.2764E+01 -8.1920E+00  0.0000E+00  0.0000E+00  1.7356E+01  0.0000E+00  0.0000E+00
  7.0000E+00  6.0300E+01  0.0000E+00  1.0000E+00  1.0000E+00  2.3711E+01 -8.5143E+00  0.0000E+00  0.0000E+00  1.8201E+01  0.0000E+00  0.0000E+00
  7.0000E+00  7.3800E+01  2.3400E+01  0.0000E+00  0.0000E+00  2.2126E+01  4.5896E-01  7.9605E-01  2.3400E+01  1.7196E+01  6.2039E+00  8.4456E-01
  7.0000E+00  7.5800E+01  0.0000E+00  1.0000E+00  1.0000E+00  2.4216E+01 -8.6854E+00  0.0000E+00  0.0000E+00  1.8758E+01  0.0000E+00  0.0000E+00
  7.0000E+00  8.4300E+01  0.0000E+00  1.0000E+00  1.0000E+00  2.5499E+01 -9.1171E+00  0.0000E+00  0.0000E+00  1.9806E+01  0.0000E+00  0.0000E+00
  7.0000E+00  9.6300E+01  0.0000E+00  1.0000E+00  1.0000E+00  2.6293E+01 -9.3825E+00  0.0000E+00  0.0000E+00  2.0537E+01  0.0000E+00  0.0000E+00
  7.0000E+00  1.0830E+02  0.0000E+00  1.0000E+00  1.0000E+00  2.7041E+01 -9.6306E+00  0.0000E+00  0.0000E+00  2.1232E+01  0.0000E+00  0.0000E+00
  7.0000E+00  1.2030E+02  0.0000E+00  1.0000E+00  1.0000E+00  2.7743E+01 -9.8625E+00  0.0000E+00  0.0000E+00  2.1893E+01  0.0000E+00  0.0000E+00
  7.0000E+00  1.3230E+02  0.0000E+00  1.0000E+00  1.0000E+00  2.8404E+01 -1.0079E+01  0.0000E+00  0.0000E+00  2.2521E+01  0.0000E+00  0.0000E+00
  7.0000E+00  1.4450E+02  0.0000E+00  1.0000E+00  1.0000E+00  2.8998E+01 -1.0274E+01  0.0000E+00  0.0000E+00  2.3101E+01  0.0000E+00  0.0000E+00
  7.0000E+00  1.6530E+02  2.5800E+01  0.0000E+00  0.0000E+00  2.6068E+01 -9.5588E-02  2.1332E-01  2.5800E+01  2.1165E+01  4.6346E+00  2.6008E-01
  8.0000E+00  0.0000E+00  0.0000E+00  1.0000E+00  1.0000E+00  2.6147E+01 -9.3337E+00  0.0000E+00  0.0000E+00  1.7062E+01  0.0000E+00  0.0000E+00
  8.0000E+00  1.7000E+00  2.5800E+01  0.0000E+00  0.0000E+00  2.5871E+01 -2.5370E-02  5.5798E-01  2.5800E+01  1.6940E+01  8.8596E+00  7.3929E-01
  8.0000E+00  1.1800E+01  0.0000E+00  1.0000E+00  1.0000E+00  2.7560E+01 -9.8021E+00  0.0000E+00  0.0000E+00  1.8368E+01  0.0000E+00  0.0000E+00
  8.0000E+00  2.3700E+01  0.0000E+00  1.0000E+00  1.0000E+00  2.8856E+01 -1.0227E+01  0.0000E+00  0.0000E+00  1.9604E+01  0.0000E+00  0.0000E+00
  8.0000E+00  3.5700E+01  0.0000E+00  1.0000E+00  1.0000E+00  3.0043E+01 -1.0613E+01  0.0000E+00  0.0000E+00  2.0772E+01  0.0000E+00  0.0000E+00
  8.0000E+00  4.7700E+01  0.0000E+00  1.0000E+00  1.0000E+00  3.1145E+01 -1.0967E+01  0.0000E+00  0.0000E+00  2.1882E+01  0.0000E+00  0.0000E+00
  8.0000E+00  5.9700E+01  0.0000E+00  1.0000E+00  1.0000E+00  3.2167E+01 -1.1292E+01  0.0000E+00  0.0000E+00  2.2938E+01  0.0000E+00  0.0000E+00
  8.0000E+00  7.1700E+01  0.0000E+00  1.0000E+00  1.0000E+00  3.3115E+01 -1.1591E+01  0.0000E+00  0.0000E+00  2.3941E+01  0.0000E+00  0.0000E+00
  8.0000E+00  7.3700E+01  3.4200E+01  0.0000E+00  0.0000E+00  3.2705E+01  5.2408E-01  9.6781E-01  3.4200E+01  2.3741E+01  1.0459E+01  1.0673E+00
  8.0000E+00  8.3700E+01  0.0000E+00  1.0000E+00  1.0000E+00  3.3995E+01 -1.1867E+01  0.0000E+00  0.0000E+00  2.4895E+01  0.0000E+00  0.0000E+00
  8.0000E+00  9.5700E+01  0.0000E+00  1.0000E+00  1.0000E+00  3.4812E+01 -1.2120E+01  0.0000E+00  0.0000E+00  2.5802E+01  0.0000E+00  0.0000E+00
  8.0000E+00  1.0770E+02  0.0000E+00  1.0000E+00  1.0000E+00  3.5569E+01 -1.2354E+01  0.0000E+00  0.0000E+00  2.6665E+01  0.0000E+00  0.0000E+00
  8.0000E+00  1.1970E+02  0.0000E+00  1.0000E+00  1.0000E+00  3.6272E+01 -1.2569E+01  0.0000E+00  0.0000E+00  2.7485E+01  0.0000E+00  0.0000E+00
  8.0000E+00  1.3170E+02  0.0000E+00  1.0000E+00  1.0000E+00  3.6924E+01 -1.2767E+01  0.0000E+00  0.0000E+00  2.8265E+01  0.0000E+00  0.0000E+00
  8.0000E+00  1.4370E+02  0.0000E+00  1.0000E+00  1.0000E+00  3.7530E+01 -1.2950E+01  0.0000E+00  0.0000E+00  2.9006E+01  0.0000E+00  0.0000E+00
  8.0000E+00  1.4670E+02  3.6100E+01  0.0000E+00  0.0000E+00  3.6834E+01 -2.5381E-01  3.7446E-02  3.6100E+01  2.8642E+01  7.4578E+00  6.2286E-02
  9.0000E+00  0.0000E+00  0.0000E+00  1.0000E+00  1.0000E+00  2.1843E+01 -7.8767E+00  0.0000E+00  0.0000E+00  1.9195E+01  0.0000E+00  0.0000E+00
  9.0000E+00  1.1000E+00  2.2100E+01  0.0000E+00  0.0000E+00  2.1750E+01  1.2617E-01  2.1362E-01  2.2100E+01  1.9106E+01  2.9939E+00  2.3247E-01
  9.0000E+00  1.1100E+01  0.0000E+00  1.0000E+00  1.0000E+00  2.3510E+01 -8.4463E+00  0.0000E+00  0.0000E+00  2.0594E+01  0.0000E+00  0.0000E+00
  9.0000E+00  2.2300E+01  0.0000E+00  1.0000E+00  1.0000E+00  2.5098E+01 -8.9827E+00  0.0000E+00  0.0000E+00  2.1921E+01  0.0000E+00  0.0000E+00
  9.0000E+00  3.4600E+01  0.0000E+00  1.0000E+00  1.0000E+00  2.6516E+01 -9.4564E+00  0.0000E+00  0.0000E+00  2.3091E+01  0.0000E+00  0.0000E+00
  9.0000E+00  4.6600E+01  0.0000E+00  1.0000E+00  1.0000E+00  2.7896E+01 -9.9130E+00  0.0000E+00  0.0000E+00  2.4229E+01  0.0000E+00  0.0000E+00
  9.0000E+00  5.8700E+01  0.0000E+00  1.0000E+00  1.0000E+00  2.9204E+01 -1.0341E+01  0.0000E+00  0.0000E+00  2.5301E+01  0.0000E+00  0.0000E+00
  9.0000E+00  7.0900E+01  0.0000E+00  1.0000E+00  1.0000E+00  3.0441E+01 -1.0741E+01  0.0000E+00  0.0000E+00  2.6310E+01  0.0000E+00  0.0000E+00
  9.0000E+00  8.2700E+01  2.9200E+01  0.0000E+00  0.0000E+00  2.9077E+01  4.3602E-02  2.3504E-01  2.9200E+01  2.5036E+01  4.1638E+00  2.6058E-01
  9.0000E+00  8.3200E+01  0.0000E+00  1.0000E+00  1.0000E+00  3.1609E+01 -1.1115E+01  0.0000E+00  0.0000E+00  2.7258E+01  0.0000E+00  0.0000E+00
  9.0000E+00  9.4600E+01  0.0000E+00  1.0000E+00  1.0000E+00  3.2829E+01 -1.1501E+01  0.0000E+00  0.0000E+00  2.8257E+01  0.0000E+00  0.0000E+00
  9.0000E+00  1.0660E+02  0.0000E+00  1.0000E+00  1.0000E+00  3.3922E+01 -1.1844E+01  0.0000E+00  0.0000E+00  2.9141E+01  0.0000E+00  0.0000E+00
  9.0000E+00  1.1860E+02  0.0000E+00  1.0000E+00  1.0000E+00  3.4966E+01 -1.2168E+01  0.0000E+00  0.0000E+00  2.9981E+01  0.0000E+00  0.0000E+00
  9.0000E+00  1.3060E+02  0.0000E+00  1.0000E+00  1.0000E+00  3.5962E+01 -1.2474E+01  0.0000E+00  0.0000E+00  3.0780E+01  0.0000E+00  0.0000E+00
  9.0000E+00  1.4210E+02  3.4200E+01  0.0000E+00  0.0000E+00  3.4390E+01 -6.6303E-02  2.0239E-01  3.4200E+01  2.9327E+01  4.8734E+00  2.3218E-01
  9.0000E+00  1.4260E+02  0.0000E+00  1.0000E+00  1.0000E+00  3.6912E+01 -1.2763E+01  0.0000E+00  0.0000E+00  3.1540E+01  0.0000E+00  0.0000E+00
  9.0000E+00  3.1260E+02  1.9600E+01  0.0000E+00  0.0000E+00  1.9069E+01  1.9273E-01  4.7170E-01  1.9600E+01  1.5427E+01  4.1734E+00  4.9583E-01
  1.0000E+01  0.0000E+00  0.0000E+00  1.0000E+00  1.0000E+00  1.9180E+01 -6.9541E+00  0.0000E+00  0.0000E+00  1.9195E+01  0.0000E+00  0.0000E+00
  1.0000E+01  1.2000E+00  1.9900E+01  0.0000E+00  0.0000E+00  1.9078E+01  2.9806E-01  3.1959E-01  1.9900E+01  1.9098E+01  8.0198E-01  3.2415E-01
  1.0000E+01  1.1200E+01  0.0000E+00  1.0000E+00  1.0000E+00  2.0735E+01 -7.4946E+00  0.0000E+00  0.0000E+00  2.0799E+01  0.0000E+00  0.0000E+00
  1.0000E+01  2.3200E+01  0.0000E+00  1.0000E+00  1.0000E+00  2.2144E+01 -7.9800E+00  0.0000E+00  0.0000E+00  2.2264E+01  0.0000E+00  0.0000E+00
  1.0000E+01  3.5300E+01  0.0000E+00  1.0000E+00  1.0000E+00  2.3471E+01 -8.4330E+00  0.0000E+00  0.0000E+00  2.3647E+01  0.0000E+00  0.0000E+00
  1.0000E+01  4.7200E+01  0.0000E+00  1.0000E+00  1.0000E+00  2.4748E+01 -8.8651E+00  0.0000E+00  0.0000E+00  2.4981E+01  0.0000E+00  0.0000E+00
  1.0000E+01  5.9200E+01  0.0000E+00  1.0000E+00  1.0000E+00  2.5949E+01 -9.2677E+00  0.0000E+00  0.0000E+00  2.6239E+01  0.0000E+00  0.0000E+00
  1.0000E+01  7.0700E+01  2.3400E+01  0.0000E+00  0.0000E+00  2.4656E+01 -4.4999E-01 -4.7226E-01  2.3400E+01  2.5000E+01 -1.5998E+00 -4.6976E-01
  1.0000E+01  7.1200E+01  0.0000E+00  1.0000E+00  1.0000E+00  2.7088E+01 -9.6461E+00  0.0000E+00  0.0000E+00  2.7435E+01  0.0000E+00  0.0000E+00
  1.0000E+01  8.3200E+01  0.0000E+00  1.0000E+00  1.0000E+00  2.8167E+01 -1.0002E+01  0.0000E+00  0.0000E+00  2.8573E+01  0.0000E+00  0.0000E+00
  1.0000E+01  9.5200E+01  0.0000E+00  1.0000E+00  1.0000E+00  2.9190E+01 -1.0336E+01  0.0000E+00  0.0000E+00  2.9655E+01  0.0000E+00  0.0000E+00
  1.0000E+01  1.0720E+02  0.0000E+00  1.0000E+00  1.0000E+00  3.0160E+01 -1.0650E+01  0.0000E+00  0.0000E+00  3.0683E+01  0.0000E+00  0.0000E+00
  1.0000E+01  1.1920E+02  0.0000E+00  1.0000E+00  1.0000E+00  3.1080E+01 -1.0946E+01  0.0000E+00  0.0000E+00  3.1661E+01  0.0000E+00  0.0000E+00
  1.0000E+01  1.3120E+02  0.0000E+00  1.0000E+00  1.0000E+00  3.1952E+01 -1.1224E+01  0.0000E+00  0.0000E+00  3.2590E+01  0.0000E+00  0.0000E+00
  1.0000E+01  1.4220E+02  3.0900E+01  0.0000E+00  0.0000E+00  3.0427E+01  1.6677E-01  9.8764E-02  3.0900E+01  3.1117E+01 -2.1652E-01  9.7845E-02
  1.1000E+01  0.0000E+00  0.0000E+00  1.0000E+00  1.0000E+00  1.2163E+01 -4.4593E+00  0.0000E+00  0.0000E+00  1.7062E+01  0.0000E+00  0.0000E+00
  1.1000E+01  1.1500E+01  0.0000E+00  1.0000E+00  1.0000E+00  2.3890E+01 -8.5752E+00  0.0000E+00  0.0000E+00  3.3318E+01  0.0000E+00  0.0000E+00
  1.1000E+01  2.3500E+01  0.0000E+00  1.0000E+00  1.0000E+00  2.4517E+01 -8.7873E+00  0.0000E+00  0.0000E+00  3.3811E+01  0.0000E+00  0.0000E+00
  1.1000E+01  3.5500E+01  0.0000E+00  1.0000E+00  1.0000E+00  2.5121E+01 -8.9905E+00  0.0000E+00  0.0000E+00  3.4279E+01  0.0000E+00  0.0000E+00
  1.1000E+01  4.7500E+01  0.0000E+00  1.0000E+00  1.0000E+00  2.5702E+01 -9.1853E+00  0.0000E+00  0.0000E+00  3.4724E+01  0.0000E+00  0.0000E+00
  1.1000E+01  5.7500E+01  2.4300E+01  0.0000E+00  0.0000E+00  2.4899E+01 -2.1456E-01 -7.9438E-01  2.4300E+01  3.3294E+01 -8.9937E+00 -7.0836E-01
  1.2000E+01  0.0000E+00  0.0000E+00  1.0000E+00  1.0000E+00  1.9156E+01 -6.9457E+00  0.0000E+00  0.0000E+00  1.8484E+01  0.0000E+00  0.0000E+00
  1.2000E+01  2.0000E+00  1.7000E+01  0.0000E+00  0.0000E+00  1.8999E+01 -7.2505E-01 -6.9901E-01  1.7000E+01  1.8329E+01 -1.3289E+00 -6.9562E-01
  1.2000E+01  1.2000E+01  0.0000E+00  1.0000E+00  1.0000E+00  2.0663E+01 -7.4698E+00  0.0000E+00  0.0000E+00  1.9920E+01  0.0000E+00  0.0000E+00
  1.2000E+01  1.3000E+01  0.0000E+00  1.0000E+00  1.0000E+00  2.4262E+01 -8.7011E+00  0.0000E+00  0.0000E+00  2.3391E+01  0.0000E+00  0.0000E+00
  1.2000E+01  2.4500E+01  0.0000E+00  1.0000E+00  1.0000E+00  2.5571E+01 -9.1412E+00  0.0000E+00  0.0000E+00  2.4632E+01  0.0000E+00  0.0000E+00
  1.2000E+01  3.6000E+01  0.0000E+00  1.0000E+00  1.0000E+00  2.6818E+01 -9.5570E+00  0.0000E+00  0.0000E+00  2.5815E+01  0.0000E+00  0.0000E+00
  1.2000E+01  4.8500E+01  0.0000E+00  1.0000E+00  1.0000E+00  2.7903E+01 -9.9151E+00  0.0000E+00  0.0000E+00  2.6838E+01  0.0000E+00  0.0000E+00
  1.2000E+01  6.0000E+01  0.0000E+00  1.0000E+00  1.0000E+00  2.9043E+01 -1.0288E+01  0.0000E+00  0.0000E+00  2.7917E+01  0.0000E+00  0.0000E+00
  1.2000E+01  7.2000E+01  0.0000E+00  1.0000E+00  1.0000E+00  3.0073E+01 -1.0622E+01  0.0000E+00  0.0000E+00  2.8889E+01  0.0000E+00  0.0000E+00
  1.2000E+01  8.4000E+01  0.0000E+00  1.0000E+00  1.0000E+00  3.1053E+01 -1.0937E+01  0.0000E+00  0.0000E+00  2.9813E+01  0.0000E+00  0.0000E+00
  1.2000E+01  9.6000E+01  0.0000E+00  1.0000E+00  1.0000E+00  3.1986E+01 -1.1235E+01  0.0000E+00  0.0000E+00  3.0691E+01  0.0000E+00  0.0000E+00
  1.2000E+01  1.0800E+02  0.0000E+00  1.0000E+00  1.0000E+00  3.2874E+01 -1.1516E+01  0.0000E+00  0.0000E+00  3.1526E+01  0.0000E+00  0.0000E+00
  1.2000E+01  1.2000E+02  0.0000E+00  1.0000E+00  1.0000E+00  3.3719E+01 -1.1781E+01  0.0000E+00  0.0000E+00  3.2320E+01  0.0000E+00  0.0000E+00
  1.2000E+01  1.3220E+02  3.4100E+01  0.0000E+00  0.0000E+00  3.2066E+01  7.1429E-01  7.8699E-01  3.4100E+01  3.0703E+01  3.3968E+00  7.9205E-01
  1.2000E+01  1.3250E+02  0.0000E+00  1.0000E+00  1.0000E+00  3.4458E+01 -1.2011E+01  0.0000E+00  0.0000E+00  3.3010E+01  0.0000E+00  0.0000E+00
  1.2000E+01  3.0250E+02  1.6000E+01  0.0000E+00  0.0000E+00  1.7101E+01 -4.0060E-01 -3.3297E-01  1.6000E+01  1.6146E+01 -1.4589E-01 -3.3647E-01
  1.3000E+01  0.0000E+00  0.0000E+00  1.0000E+00  1.0000E+00  1.2144E+01 -4.4523E+00  0.0000E+00  0.0000E+00  7.8201E+00  0.0000E+00  0.0000E+00
  1.3000E+01  1.2000E+01  0.0000E+00  1.0000E+00  1.0000E+00  2.3617E+01 -8.4825E+00  0.0000E+00  0.0000E+00  1.5255E+01  0.0000E+00  0.0000E+00
  1.3000E+01  2.5000E+01  0.0000E+00  1.0000E+00  1.0000E+00  2.5297E+01 -9.0497E+00  0.0000E+00  0.0000E+00  1.6434E+01  0.0000E+00  0.0000E+00
  1.3000E+01  3.6500E+01  2.4100E+01  0.0000E+00  0.0000E+00  2.3956E+01  5.1672E-02  5.8112E-01  2.4100E+01  1.5658E+01  8.4423E+00  6.9177E-01
  1.3000E+01  3.7000E+01  0.0000E+00  1.0000E+00  1.0000E+00  2.6991E+01 -9.6140E+00  0.0000E+00  0.0000E+00  1.7615E+01  0.0000E+00  0.0000E+00
  1.3000E+01  4.9000E+01  0.0000E+00  1.0000E+00  1.0000E+00  2.8590E+01 -1.0140E+01  0.0000E+00  0.0000E+00  1.8739E+01  0.0000E+00  0.0000E+00
  1.3000E+01  6.1000E+01  0.0000E+00  1.0000E+00  1.0000E+00  3.0101E+01 -1.0631E+01  0.0000E+00  0.0000E+00  1.9807E+01  0.0000E+00  0.0000E+00
  1.3000E+01  7.4000E+01  0.0000E+00  1.0000E+00  1.0000E+00  3.1395E+01 -1.1046E+01  0.0000E+00  0.0000E+00  2.0743E+01  0.0000E+00  0.0000E+00
  1.3000E+01  8.5000E+01  0.0000E+00  1.0000E+00  1.0000E+00  3.2892E+01 -1.1521E+01  0.0000E+00  0.0000E+00  2.1796E+01  0.0000E+00  0.0000E+00
  1.3000E+01  9.8000E+01  0.0000E+00  1.0000E+00  1.0000E+00  3.4018E+01 -1.1874E+01  0.0000E+00  0.0000E+00  2.2626E+01  0.0000E+00  0.0000E+00
  1.3000E+01  1.1000E+02  0.0000E+00  1.0000E+00  1.0000E+00  3.5229E+01 -1.2249E+01  0.0000E+00  0.0000E+00  2.3503E+01  0.0000E+00  0.0000E+00
  1.3000E+01  1.2130E+02  0.0000E+00  1.0000E+00  1.0000E+00  3.6484E+01 -1.2633E+01  0.0000E+00  0.0000E+00  2.4402E+01  0.0000E+00  0.0000E+00
  1.3000E+01  1.3400E+02  0.0000E+00  1.0000E+00  1.0000E+00  3.7445E+01 -1.2924E+01  0.0000E+00  0.0000E+00  2.5124E+01  0.0000E+00  0.0000E+00
  1.3000E+01  1.4500E+02  0.0000E+00  1.0000E+00  1.0000E+00  3.8635E+01 -1.3281E+01  0.0000E+00  0.0000E+00  2.5978E+01  0.0000E+00  0.0000E+00
  1.3000E+01  1.5700E+02  0.0000E+00  1.0000E+00  1.0000E+00  3.9591E+01 -1.3564E+01  0.0000E+00  0.0000E+00  2.6690E+01  0.0000E+00  0.0000E+00
  1.3000E+01  1.6900E+02  3.8200E+01  0.0000E+00  0.0000E+00  3.7403E+01  2.7511E-01  1.1084E+00  3.8200E+01  2.5376E+01  1.2824E+01  1.3298E+00
  1.4000E+01  0.0000E+00  0.0000E+00  1.0000E+00  1.0000E+00  2.2726E+01 -8.1791E+00  0.0000E+00  0.0000E+00  1.5640E+01  0.0000E+00  0.0000E+00
  1.4000E+01  2.3000E+00  2.5600E+01  0.0000E+00  0.0000E+00  2.2394E+01  1.1546E+00  1.6445E+00  2.5600E+01  1.5490E+01  1.0110E+01  1.9283E+00
  1.4000E+01  1.1800E+01  0.0000E+00  1.0000E+00  1.0000E+00  2.3967E+01 -8.6012E+00  0.0000E+00  0.0000E+00  1.6873E+01  0.0000E+00  0.0000E+00
  1.4000E+01  2.3800E+01  0.0000E+00  1.0000E+00  1.0000E+00  2.5090E+01 -8.9799E+00  0.0000E+00  0.0000E+00  1.8033E+01  0.0000E+00  0.0000E+00
  1.4000E+01  3.5800E+01  0.0000E+00  1.0000E+00  1.0000E+00  2.6129E+01 -9.3278E+00  0.0000E+00  0.0000E+00  1.9136E+01  0.0000E+00  0.0000E+00
  1.4000E+01  4.7800E+01  0.0000E+00  1.0000E+00  1.0000E+00  2.7092E+01 -9.6476E+00  0.0000E+00  0.0000E+00  2.0184E+01  0.0000E+00  0.0000E+00
  1.4000E+01  5.9300E+01  2.5600E+01  0.0000E+00  0.0000E+00  2.5172E+01  1.5321E-01  5.0180E-01  2.5600E+01  1.9231E+01  6.3688E+00  6.2627E-01
  1.4000E+01  5.9800E+01  0.0000E+00  1.0000E+00  1.0000E+00  2.7984E+01 -9.9417E+00  0.0000E+00  0.0000E+00  2.1181E+01  0.0000E+00  0.0000E+00
  1.4000E+01  7.1800E+01  0.0000E+00  1.0000E+00  1.0000E+00  2.8810E+01 -1.0212E+01  0.0000E+00  0.0000E+00  2.2129E+01  0.0000E+00  0.0000E+00
  1.4000E+01  8.3800E+01  0.0000E+00  1.0000E+00  1.0000E+00  2.9575E+01 -1.0461E+01  0.0000E+00  0.0000E+00  2.3030E+01  0.0000E+00  0.0000E+00
  1.4000E+01  9.5800E+01  0.0000E+00  1.0000E+00  1.0000E+00  3.0283E+01 -1.0690E+01  0.0000E+00  0.0000E+00  2.3887E+01  0.0000E+00  0.0000E+00
  1.4000E+01  1.0730E+02  0.0000E+00  1.0000E+00  1.0000E+00  3.1029E+01 -1.0930E+01  0.0000E+00  0.0000E+00  2.4750E+01  0.0000E+00  0.0000E+00
  1.4000E+01  1.1980E+02  0.0000E+00  1.0000E+00  1.0000E+00  3.1539E+01 -1.1092E+01  0.0000E+00  0.0000E+00  2.5472E+01  0.0000E+00  0.0000E+00
  1.4000E+01  1.3150E+02  2.5700E+01  0.0000E+00  0.0000E+00  2.9266E+01 -1.2623E+00 -1.0405E+00  2.5700E+01  2.4249E+01  1.4510E+00 -1.0595E+00
  1.4000E+01  1.3180E+02  0.0000E+00  1.0000E+00  1.0000E+00  3.2102E+01 -1.1272E+01  0.0000E+00  0.0000E+00  2.6209E+01  0.0000E+00  0.0000E+00
  1.4000E+01  1.4380E+02  0.0000E+00  1.0000E+00  1.0000E+00  3.2624E+01 -1.1437E+01  0.0000E+00  0.0000E+00  2.6909E+01  0.0000E+00  0.0000E+00
  1.4000E+01  3.0330E+02  1.4300E+01  0.0000E+00  0.0000E+00  1.1768E+01  9.2867E-01  6.9056E-01  1.4300E+01  1.3756E+01  5.4390E-01  4.9849E-01
  1.5000E+01  0.0000E+00  0.0000E+00  1.0000E+00  1.0000E+00  1.8616E+01 -6.7567E+00  0.0000E+00  0.0000E+00  1.8484E+01  0.0000E+00  0.0000E+00
  1.5000E+01  1.2200E+01  0.0000E+00  1.0000E+00  1.0000E+00  2.0021E+01 -7.2470E+00  0.0000E+00  0.0000E+00  1.9905E+01  0.0000E+00  0.0000E+00
  1.5000E+01  2.2200E+01  1.9300E+01  0.0000E+00  0.0000E+00  1.9173E+01  4.6184E-02  5.6798E-02  1.9300E+01  1.9085E+01  2.1493E-01  5.7530E-02
  1.5000E+01  2.4200E+01  0.0000E+00  1.0000E+00  1.0000E+00  2.1370E+01 -7.7139E+00  0.0000E+00  0.0000E+00  2.1271E+01  0.0000E+00  0.0000E+00
  1.5000E+01  3.6200E+01  0.0000E+00  1.0000E+00  1.0000E+00  2.2651E+01 -8.1535E+00  0.0000E+00  0.0000E+00  2.2570E+01  0.0000E+00  0.0000E+00
  1.5000E+01  4.7800E+01  0.0000E+00  1.0000E+00  1.0000E+00  2.3904E+01 -8.5800E+00  0.0000E+00  0.0000E+00  2.3841E+01  0.0000E+00  0.0000E+00
  1.5000E+01  7.0200E+01  0.0000E+00  1.0000E+00  1.0000E+00  2.4058E+01 -8.6320E+00  0.0000E+00  0.0000E+00  2.4043E+01  0.0000E+00  0.0000E+00
  1.5000E+01  8.5600E+01  0.0000E+00  1.0000E+00  1.0000E+00  2.4869E+01 -8.9057E+00  0.0000E+00  0.0000E+00  2.4881E+01  0.0000E+00  0.0000E+00
  1.5000E+01  9.6200E+01  0.0000E+00  1.0000E+00  1.0000E+00  2.6116E+01 -9.3235E+00  0.0000E+00  0.0000E+00  2.6142E+01  0.0000E+00  0.0000E+00
  1.5000E+01  1.0820E+02  0.0000E+00  1.0000E+00  1.0000E+00  2.7157E+01 -9.6690E+00  0.0000E+00  0.0000E+00  2.7201E+01  0.0000E+00  0.0000E+00
  1.5000E+01  1.2020E+02  0.0000E+00  1.0000E+00  1.0000E+00  2.8145E+01 -9.9945E+00  0.0000E+00  0.0000E+00  2.8208E+01  0.0000E+00  0.0000E+00
  1.5000E+01  1.3220E+02  0.0000E+00  1.0000E+00  1.0000E+00  2.9083E+01 -1.0301E+01  0.0000E+00  0.0000E+00  2.9165E+01  0.0000E+00  0.0000E+00
  1.5000E+01  1.4370E+02  0.0000E+00  1.0000E+00  1.0000E+00  3.0033E+01 -1.0609E+01  0.0000E+00  0.0000E+00  3.0134E+01  0.0000E+00  0.0000E+00
  1.5000E+01  1.4570E+02  2.9700E+01  0.0000E+00  0.0000E+00  2.9774E+01 -2.6125E-02 -4.6212E-02  2.9700E+01  2.9881E+01 -1.8136E-01 -4.6142E-02
  1.6000E+01  0.0000E+00  0.0000E+00  1.0000E+00  1.0000E+00  9.8088E+00 -3.6057E+00  0.0000E+00  0.0000E+00  8.5310E+00  0.0000E+00  0.0000E+00
  1.6000E+01  9.0000E+00  0.0000E+00  1.0000E+00  1.0000E+00  1.9316E+01 -7.0016E+00  0.0000E+00  0.0000E+00  1.6745E+01  0.0000E+00  0.0000E+00
  1.6000E+01  1.2000E+01  1.7300E+01  0.0000E+00  0.0000E+00  1.9117E+01 -6.5871E-01 -6.5806E-01  1.7300E+01  1.6535E+01  7.6502E-01 -6.1530E-01
  1.6000E+01  1.5400E+01  0.0000E+00  1.0000E+00  1.0000E+00  2.2162E+01 -7.9862E+00  0.0000E+00  0.0000E+00  1.9144E+01  0.0000E+00  0.0000E+00
  1.6000E+01  2.1300E+01  0.0000E+00  1.0000E+00  1.0000E+00  2.4166E+01 -8.6686E+00  0.0000E+00  0.0000E+00  2.0807E+01  0.0000E+00  0.0000E+00
  1.6000E+01  3.3000E+01  0.0000E+00  1.0000E+00  1.0000E+00  2.5658E+01 -9.1704E+00  0.0000E+00  0.0000E+00  2.1941E+01  0.0000E+00  0.0000E+00
  1.6000E+01  4.5000E+01  0.0000E+00  1.0000E+00  1.0000E+00  2.7065E+01 -9.6386E+00  0.0000E+00  0.0000E+00  2.2993E+01  0.0000E+00  0.0000E+00
  1.6000E+01  5.6000E+01  2.6800E+01  0.0000E+00  0.0000E+00  2.6053E+01  2.6690E-01  4.0681E-01  2.6800E+01  2.1954E+01  4.8465E+00  4.6463E-01
  1.6000E+01  5.7000E+01  0.0000E+00  1.0000E+00  1.0000E+00  2.8415E+01 -1.0083E+01  0.0000E+00  0.0000E+00  2.3994E+01  0.0000E+00  0.0000E+00
  1.6000E+01  6.9000E+01  0.0000E+00  1.0000E+00  1.0000E+00  2.9709E+01 -1.0505E+01  0.0000E+00  0.0000E+00  2.4946E+01  0.0000E+00  0.0000E+00
  1.6000E+01  8.1000E+01  0.0000E+00  1.0000E+00  1.0000E+00  3.0951E+01 -1.0905E+01  0.0000E+00  0.0000E+00  2.5850E+01  0.0000E+00  0.0000E+00
  1.6000E+01  9.3000E+01  0.0000E+00  1.0000E+00  1.0000E+00  3.2143E+01 -1.1284E+01  0.0000E+00  0.0000E+00  2.6711E+01  0.0000E+00  0.0000E+00
  1.6000E+01  1.0500E+02  0.0000E+00  1.0000E+00  1.0000E+00  3.3286E+01 -1.1645E+01  0.0000E+00  0.0000E+00  2.7528E+01  0.0000E+00  0.0000E+00
  1.6000E+01  1.1700E+02  0.0000E+00  1.0000E+00  1.0000E+00  3.4382E+01 -1.1987E+01  0.0000E+00  0.0000E+00  2.8306E+01  0.0000E+00  0.0000E+00
  1.6000E+01  1.2950E+02  0.0000E+00  1.0000E+00  1.0000E+00  3.5376E+01 -1.2295E+01  0.0000E+00  0.0000E+00  2.8989E+01  0.0000E+00  0.0000E+00
  1.6000E+01  1.4150E+02  0.0000E+00  1.0000E+00  1.0000E+00  3.6388E+01 -1.2604E+01  0.0000E+00  0.0000E+00  2.9694E+01  0.0000E+00  0.0000E+00
  1.6000E+01  1.5280E+02  0.0000E+00  1.0000E+00  1.0000E+00  3.7442E+01 -1.2923E+01  0.0000E+00  0.0000E+00  3.0448E+01  0.0000E+00  0.0000E+00
  1.6000E+01  1.5350E+02  3.8400E+01  0.0000E+00  0.0000E+00  3.7352E+01  3.6197E-01  8.3725E-01  3.8400E+01  3.0359E+01  8.0411E+00  9.0979E-01
  1.7000E+01  0.0000E+00  0.0000E+00  1.0000E+00  1.0000E+00  2.0671E+01 -7.4723E+00  0.0000E+00  0.0000E+00  1.5640E+01  0.0000E+00  0.0000E+00
  1.7000E+01  1.2000E+01  0.0000E+00  1.0000E+00  1.0000E+00  2.2319E+01 -8.0400E+00  0.0000E+00  0.0000E+00  1.6861E+01  0.0000E+00  0.0000E+00
  1.7000E+01  2.4000E+01  0.0000E+00  1.0000E+00  1.0000E+00  2.3889E+01 -8.5750E+00  0.0000E+00  0.0000E+00  1.8021E+01  0.0000E+00  0.0000E+00
  1.7000E+01  3.2000E+01  2.1300E+01  0.0000E+00  0.0000E+00  2.3127E+01 -6.5678E-01 -4.2399E-01  2.1300E+01  1.7425E+01  3.8752E+00 -3.8392E-01
  1.7000E+01  3.5500E+01  0.0000E+00  1.0000E+00  1.0000E+00  2.5431E+01 -9.0946E+00  0.0000E+00  0.0000E+00  1.9161E+01  0.0000E+00  0.0000E+00
  1.7000E+01  4.8000E+01  0.0000E+00  1.0000E+00  1.0000E+00  2.6805E+01 -9.5524E+00  0.0000E+00  0.0000E+00  2.0170E+01  0.0000E+00  0.0000E+00
  1.7000E+01  6.0000E+01  0.0000E+00  1.0000E+00  1.0000E+00  2.8162E+01 -1.0000E+01  0.0000E+00  0.0000E+00  2.1167E+01  0.0000E+00  0.0000E+00
  1.7000E+01  7.2000E+01  2.8800E+01  0.0000E+00  0.0000E+00  2.6823E+01  7.0439E-01  1.0522E+00  2.8800E+01  2.0125E+01  8.6747E+00  1.1317E+00
  1.7000E+01  7.2300E+01  0.0000E+00  1.0000E+00  1.0000E+00  2.9422E+01 -1.0411E+01  0.0000E+00  0.0000E+00  2.2091E+01  0.0000E+00  0.0000E+00
  1.7000E+01  8.4300E+01  0.0000E+00  1.0000E+00  1.0000E+00  3.0654E+01 -1.0809E+01  0.0000E+00  0.0000E+00  2.2994E+01  0.0000E+00  0.0000E+00
  1.7000E+01  9.5800E+01  0.0000E+00  1.0000E+00  1.0000E+00  3.1888E+01 -1.1204E+01  0.0000E+00  0.0000E+00  2.3898E+01  0.0000E+00  0.0000E+00
  1.7000E+01  1.0800E+02  0.0000E+00  1.0000E+00  1.0000E+00  3.2979E+01 -1.1548E+01  0.0000E+00  0.0000E+00  2.4693E+01  0.0000E+00  0.0000E+00
  1.7000E+01  1.2000E+02  0.0000E+00  1.0000E+00  1.0000E+00  3.4042E+01 -1.1882E+01  0.0000E+00  0.0000E+00  2.5468E+01  0.0000E+00  0.0000E+00
  1.7000E+01  1.3200E+02  0.0000E+00  1.0000E+00  1.0000E+00  3.5055E+01 -1.2196E+01  0.0000E+00  0.0000E+00  2.6205E+01  0.0000E+00  0.0000E+00
  1.7000E+01  1.4400E+02  0.0000E+00  1.0000E+00  1.0000E+00  3.6020E+01 -1.2492E+01  0.0000E+00  0.0000E+00  2.6905E+01  0.0000E+00  0.0000E+00
  1.7000E+01  1.5500E+02  3.4900E+01  0.0000E+00  0.0000E+00  3.4448E+01  1.5751E-01  7.4681E-01  3.4900E+01  2.5689E+01  9.2112E+00  8.6177E-01
  1.8000E+01  0.0000E+00  0.0000E+00  1.0000E+00  1.0000E+00  1.7583E+01 -6.3937E+00  0.0000E+00  0.0000E+00  1.4218E+01  0.0000E+00  0.0000E+00
  1.8000E+01  2.8000E+00  2.1900E+01  0.0000E+00  0.0000E+00  1.7251E+01  1.6914E+00  1.9978E+00  2.1900E+01  1.4052E+01  7.8482E+00  2.2925E+00
  1.8000E+01  1.1800E+01  0.0000E+00  1.0000E+00  1.0000E+00  3.3811E+01 -1.1809E+01  0.0000E+00  0.0000E+00  2.7748E+01  0.0000E+00  0.0000E+00
  1.8000E+01  2.3800E+01  0.0000E+00  1.0000E+00  1.0000E+00  3.3361E+01 -1.1669E+01  0.0000E+00  0.0000E+00  2.8159E+01  0.0000E+00  0.0000E+00
  1.8000E+01  3.5800E+01  0.0000E+00  1.0000E+00  1.0000E+00  3.2947E+01 -1.1539E+01  0.0000E+00  0.0000E+00  2.8550E+01  0.0000E+00  0.0000E+00
  1.8000E+01  4.8100E+01  0.0000E+00  1.0000E+00  1.0000E+00  3.2503E+01 -1.1399E+01  0.0000E+00  0.0000E+00  2.8888E+01  0.0000E+00  0.0000E+00
  1.8000E+01  5.9300E+01  0.0000E+00  1.0000E+00  1.0000E+00  3.2319E+01 -1.1340E+01  0.0000E+00  0.0000E+00  2.9336E+01  0.0000E+00  0.0000E+00
  1.8000E+01  7.1300E+01  2.5900E+01  0.0000E+00  0.0000E+00  2.9789E+01 -1.3746E+00 -1.2896E+00  2.5900E+01  2.7891E+01 -1.9915E+00 -1.1353E+00
  1.8000E+01  7.1800E+01  0.0000E+00  1.0000E+00  1.0000E+00  3.1885E+01 -1.1203E+01  0.0000E+00  0.0000E+00  2.9610E+01  0.0000E+00  0.0000E+00
  1.8000E+01  8.2800E+01  0.0000E+00  1.0000E+00  1.0000E+00  3.1787E+01 -1.1172E+01  0.0000E+00  0.0000E+00  3.0048E+01  0.0000E+00  0.0000E+00
  1.8000E+01  9.5800E+01  0.0000E+00  1.0000E+00  1.0000E+00  3.1297E+01 -1.1015E+01  0.0000E+00  0.0000E+00  3.0227E+01  0.0000E+00  0.0000E+00
  1.8000E+01  1.0780E+02  0.0000E+00  1.0000E+00  1.0000E+00  3.1045E+01 -1.0935E+01  0.0000E+00  0.0000E+00  3.0516E+01  0.0000E+00  0.0000E+00
  1.8000E+01  1.1980E+02  0.0000E+00  1.0000E+00  1.0000E+00  3.0812E+01 -1.0860E+01  0.0000E+00  0.0000E+00  3.0791E+01  0.0000E+00  0.0000E+00
  1.8000E+01  1.3180E+02  0.0000E+00  1.0000E+00  1.0000E+00  3.0597E+01 -1.0791E+01  0.0000E+00  0.0000E+00  3.1052E+01  0.0000E+00  0.0000E+00
  1.8000E+01  1.4380E+02  2.8900E+01  0.0000E+00  0.0000E+00  2.8201E+01  2.4811E-01  1.0437E-02  2.8900E+01  2.9524E+01 -6.2366E-01 -7.3119E-02
  1.8000E+01  3.8980E+02  6.7000E+00  0.0000E+00  0.0000E+00  5.3008E+00  5.1613E-01  1.0674E-01  6.7000E+00  1.0489E+01 -3.7889E+00 -1.3072E-01
  1.9000E+01  0.0000E+00  0.0000E+00  1.0000E+00  1.0000E+00  9.0882E+00 -3.3431E+00  0.0000E+00  0.0000E+00  7.1091E+00  0.0000E+00  0.0000E+00
  1.9000E+01  4.0000E+00  0.0000E+00  1.0000E+00  1.0000E+00  1.8009E+01 -6.5439E+00  0.0000E+00  0.0000E+00  1.4100E+01  0.0000E+00  0.0000E+00
  1.9000E+01  9.5000E+00  1.8900E+01  0.0000E+00  0.0000E+00  1.7556E+01  4.8858E-01  7.0514E-01  1.8900E+01  1.3777E+01  5.1228E+00  7.3490E-01
  1.9000E+01  1.3000E+01  0.0000E+00  1.0000E+00  1.0000E+00  1.9546E+01 -7.0818E+00  0.0000E+00  0.0000E+00  1.5353E+01  0.0000E+00  0.0000E+00
  1.9000E+01  2.4000E+01  0.0000E+00  1.0000E+00  1.0000E+00  2.0847E+01 -7.5334E+00  0.0000E+00  0.0000E+00  1.6436E+01  0.0000E+00  0.0000E+00
  1.9000E+01  3.5900E+01  0.0000E+00  1.0000E+00  1.0000E+00  2.2456E+01 -8.0867E+00  0.0000E+00  0.0000E+00  1.7766E+01  0.0000E+00  0.0000E+00
  1.9000E+01  4.8000E+01  0.0000E+00  1.0000E+00  1.0000E+00  2.3958E+01 -8.5983E+00  0.0000E+00  0.0000E+00  1.9017E+01  0.0000E+00  0.0000E+00
  1.9000E+01  5.9900E+01  0.0000E+00  1.0000E+00  1.0000E+00  2.5400E+01 -9.0841E+00  0.0000E+00  0.0000E+00  2.0221E+01  0.0000E+00  0.0000E+00
  1.9000E+01  7.2000E+01  0.0000E+00  1.0000E+00  1.0000E+00  2.6742E+01 -9.5316E+00  0.0000E+00  0.0000E+00  2.1351E+01  0.0000E+00  0.0000E+00
  1.9000E+01  8.3500E+01  2.3200E+01  0.0000E+00  0.0000E+00  2.5355E+01 -7.7074E-01 -4.6780E-01  2.3200E+01  2.0342E+01  2.8577E+00 -4.4112E-01
  1.9000E+01  8.4300E+01  0.0000E+00  1.0000E+00  1.0000E+00  2.7987E+01 -9.9429E+00  0.0000E+00  0.0000E+00  2.2407E+01  0.0000E+00  0.0000E+00
  1.9000E+01  9.6000E+01  0.0000E+00  1.0000E+00  1.0000E+00  2.9238E+01 -1.0351E+01  0.0000E+00  0.0000E+00  2.3463E+01  0.0000E+00  0.0000E+00
  1.9000E+01  1.0830E+02  0.0000E+00  1.0000E+00  1.0000E+00  3.0345E+01 -1.0710E+01  0.0000E+00  0.0000E+00  2.4413E+01  0.0000E+00  0.0000E+00
  1.9000E+01  1.2000E+02  0.0000E+00  1.0000E+00  1.0000E+00  3.1471E+01 -1.1071E+01  0.0000E+00  0.0000E+00  2.5373E+01  0.0000E+00  0.0000E+00
  1.9000E+01  1.3200E+02  0.0000E+00  1.0000E+00  1.0000E+00  3.2496E+01 -1.1396E+01  0.0000E+00  0.0000E+00  2.6257E+01  0.0000E+00  0.0000E+00
  1.9000E+01  1.4400E+02  0.0000E+00  1.0000E+00  1.0000E+00  3.3465E+01 -1.1701E+01  0.0000E+00  0.0000E+00  2.7097E+01  0.0000E+00  0.0000E+00
  1.9000E+01  1.5800E+02  3.2900E+01  0.0000E+00  0.0000E+00  3.1364E+01  5.4051E-01  9.0656E-01  3.2900E+01  2.5547E+01  7.3529E+00  9.5996E-01
  2.0000E+01  0.0000E+00  0.0000E+00  1.0000E+00  1.0000E+00  2.2577E+01 -8.1283E+00  0.0000E+00  0.0000E+00  1.7062E+01  0.0000E+00  0.0000E+00
  2.0000E+01  2.0000E+00  2.3100E+01  0.0000E+00  0.0000E+00  2.2334E+01  2.7581E-01  6.1443E-01  2.3100E+01  1.6919E+01  6.1810E+00  6.9293E-01
  2.0000E+01  1.2000E+01  0.0000E+00  1.0000E+00  1.0000E+00  2.3980E+01 -8.6057E+00  0.0000E+00  0.0000E+00  1.8355E+01  0.0000E+00  0.0000E+00
  2.0000E+01  2.4000E+01  0.0000E+00  1.0000E+00  1.0000E+00  2.5295E+01 -9.0489E+00  0.0000E+00  0.0000E+00  1.9584E+01  0.0000E+00  0.0000E+00
  2.0000E+01  3.6000E+01  0.0000E+00  1.0000E+00  1.0000E+00  2.6527E+01 -9.4603E+00  0.0000E+00  0.0000E+00  2.0753E+01  0.0000E+00  0.0000E+00
  2.0000E+01  4.8000E+01  0.0000E+00  1.0000E+00  1.0000E+00  2.7682E+01 -9.8424E+00  0.0000E+00  0.0000E+00  2.1864E+01  0.0000E+00  0.0000E+00
  2.0000E+01  6.0500E+01  0.0000E+00  1.0000E+00  1.0000E+00  2.8694E+01 -1.0174E+01  0.0000E+00  0.0000E+00  2.2876E+01  0.0000E+00  0.0000E+00
  2.0000E+01  6.2500E+01  2.7800E+01  0.0000E+00  0.0000E+00  2.8385E+01 -2.0771E-01  9.4832E-02  2.7800E+01  2.2685E+01  5.1153E+00  1.3310E-01
  2.0000E+01  7.2000E+01  0.0000E+00  1.0000E+00  1.0000E+00  2.9785E+01 -1.0529E+01  0.0000E+00  0.0000E+00  2.3929E+01  0.0000E+00  0.0000E+00
  2.0000E+01  8.4000E+01  0.0000E+00  1.0000E+00  1.0000E+00  3.0735E+01 -1.0835E+01  0.0000E+00  0.0000E+00  2.4884E+01  0.0000E+00  0.0000E+00
  2.0000E+01  9.5500E+01  0.0000E+00  1.0000E+00  1.0000E+00  3.1704E+01 -1.1145E+01  0.0000E+00  0.0000E+00  2.5841E+01  0.0000E+00  0.0000E+00
  2.0000E+01  1.0800E+02  0.0000E+00  1.0000E+00  1.0000E+00  3.2453E+01 -1.1383E+01  0.0000E+00  0.0000E+00  2.6650E+01  0.0000E+00  0.0000E+00
  2.0000E+01  1.2000E+02  0.0000E+00  1.0000E+00  1.0000E+00  3.3235E+01 -1.1629E+01  0.0000E+00  0.0000E+00  2.7471E+01  0.0000E+00  0.0000E+00
  2.0000E+01  1.3200E+02  0.0000E+00  1.0000E+00  1.0000E+00  3.3968E+01 -1.1858E+01  0.0000E+00  0.0000E+00  2.8251E+01  0.0000E+00  0.0000E+00
  2.0000E+01  1.3400E+02  3.4000E+01  0.0000E+00  0.0000E+00  3.3603E+01  1.3891E-01  3.8122E-01  3.4000E+01  2.8015E+01  5.9854E+00  3.9568E-01
  2.1000E+01  0.0000E+00  0.0000E+00  1.0000E+00  1.0000E+00  1.0596E+01 -3.8918E+00  0.0000E+00  0.0000E+00  1.2441E+01  0.0000E+00  0.0000E+00
  2.1000E+01  4.2000E+00  0.0000E+00  1.0000E+00  1.0000E+00  2.0990E+01 -7.5826E+00  0.0000E+00  0.0000E+00  2.4664E+01  0.0000E+00  0.0000E+00
  2.1000E+01  8.3000E+00  2.1100E+01  0.0000E+00  0.0000E+00  2.0598E+01  1.8138E-01  1.3719E-02  2.1100E+01  2.4242E+01 -3.1423E+00  4.7409E-02
  2.1000E+01  1.5800E+01  0.0000E+00  1.0000E+00  1.0000E+00  2.2626E+01 -8.1450E+00  0.0000E+00  0.0000E+00  2.6689E+01  0.0000E+00  0.0000E+00
  2.1000E+01  2.8000E+01  0.0000E+00  1.0000E+00  1.0000E+00  2.4119E+01 -8.6527E+00  0.0000E+00  0.0000E+00  2.8552E+01  0.0000E+00  0.0000E+00
  2.1000E+01  3.9800E+01  0.0000E+00  1.0000E+00  1.0000E+00  2.5573E+01 -9.1419E+00  0.0000E+00  0.0000E+00  3.0369E+01  0.0000E+00  0.0000E+00
  2.1000E+01  5.1800E+01  0.0000E+00  1.0000E+00  1.0000E+00  2.6927E+01 -9.5931E+00  0.0000E+00  0.0000E+00  3.2073E+01  0.0000E+00  0.0000E+00
  2.1000E+01  6.3800E+01  0.0000E+00  1.0000E+00  1.0000E+00  2.8209E+01 -1.0016E+01  0.0000E+00  0.0000E+00  3.3693E+01  0.0000E+00  0.0000E+00
  2.1000E+01  7.6800E+01  0.0000E+00  1.0000E+00  1.0000E+00  2.9301E+01 -1.0372E+01  0.0000E+00  0.0000E+00  3.5099E+01  0.0000E+00  0.0000E+00
  2.1000E+01  8.8300E+01  0.0000E+00  1.0000E+00  1.0000E+00  3.0519E+01 -1.0766E+01  0.0000E+00  0.0000E+00  3.6641E+01  0.0000E+00  0.0000E+00
  2.1000E+01  1.0080E+02  0.0000E+00  1.0000E+00  1.0000E+00  3.1543E+01 -1.1094E+01  0.0000E+00  0.0000E+00  3.7963E+01  0.0000E+00  0.0000E+00
  2.1000E+01  1.1230E+02  2.9100E+01  0.0000E+00  0.0000E+00  2.9921E+01 -2.9026E-01 -6.3462E-01  2.9100E+01  3.6170E+01 -7.0699E+00 -5.8494E-01
  2.1000E+01  1.1280E+02  0.0000E+00  1.0000E+00  1.0000E+00  3.2577E+01 -1.1422E+01  0.0000E+00  0.0000E+00  3.9293E+01  0.0000E+00  0.0000E+00
  2.1000E+01  1.2430E+02  0.0000E+00  1.0000E+00  1.0000E+00  3.3628E+01 -1.1752E+01  0.0000E+00  0.0000E+00  4.0636E+01  0.0000E+00  0.0000E+00
  2.1000E+01  1.3630E+02  0.0000E+00  1.0000E+00  1.0000E+00  3.4551E+01 -1.2040E+01  0.0000E+00  0.0000E+00  4.1835E+01  0.0000E+00  0.0000E+00
  2.1000E+01  1.4880E+02  0.0000E+00  1.0000E+00  1.0000E+00  3.5350E+01 -1.2286E+01  0.0000E+00  0.0000E+00  4.2891E+01  0.0000E+00  0.0000E+00
  2.1000E+01  2.6060E+02  2.1100E+01  0.0000E+00  0.0000E+00  2.1164E+01 -2.3131E-02 -3.9314E-01  2.1100E+01  2.6798E+01 -5.6984E+00 -3.6629E-01
  2.2000E+01  0.0000E+00  0.0000E+00  1.0000E+00  1.0000E+00  1.0884E+01 -3.9965E+00  0.0000E+00  0.0000E+00  1.0664E+01  0.0000E+00  0.0000E+00
  2.2000E+01  4.0000E+00  0.0000E+00  1.0000E+00  1.0000E+00  2.1576E+01 -7.7848E+00  0.0000E+00  0.0000E+00  2.1149E+01  0.0000E+00  0.0000E+00
  2.2000E+01  6.0000E+00  2.1800E+01  0.0000E+00  0.0000E+00  2.1384E+01  1.5008E-01  1.8060E-01  2.1800E+01  2.0972E+01  8.2772E-01  1.8344E-01
  2.2000E+01  1.6000E+01  0.0000E+00  1.0000E+00  1.0000E+00  2.3353E+01 -8.3927E+00  0.0000E+00  0.0000E+00  2.2952E+01  0.0000E+00  0.0000E+00
  2.2000E+01  2.8000E+01  0.0000E+00  1.0000E+00  1.0000E+00  2.5036E+01 -8.9620E+00  0.0000E+00  0.0000E+00  2.4666E+01  0.0000E+00  0.0000E+00
  2.2000E+01  4.0000E+01  0.0000E+00  1.0000E+00  1.0000E+00  2.6632E+01 -9.4952E+00  0.0000E+00  0.0000E+00  2.6295E+01  0.0000E+00  0.0000E+00
  2.2000E+01  5.1000E+01  2.5000E+01  0.0000E+00  0.0000E+00  2.5355E+01 -1.2705E-01 -1.2652E-01  2.5000E+01  2.5106E+01 -1.0604E-01 -1.2644E-01
  2.3000E+01  0.0000E+00  0.0000E+00  1.0000E+00  1.0000E+00  2.3487E+01 -8.4385E+00  0.0000E+00  0.0000E+00  4.2655E+01  0.0000E+00  0.0000E+00
  2.3000E+01  1.1000E+01  2.2300E+01  0.0000E+00  0.0000E+00  2.1829E+01  1.7001E-01 -2.7470E-01  2.2300E+01  4.0726E+01 -1.8426E+01  1.5976E-01
  2.3000E+01  1.1500E+01  0.0000E+00  1.0000E+00  1.0000E+00  2.4692E+01 -8.8461E+00  0.0000E+00  0.0000E+00  4.5972E+01  0.0000E+00  0.0000E+00
  2.3000E+01  2.4000E+01  0.0000E+00  1.0000E+00  1.0000E+00  2.5656E+01 -9.1698E+00  0.0000E+00  0.0000E+00  4.8949E+01  0.0000E+00  0.0000E+00
  2.3000E+01  3.5500E+01  0.0000E+00  1.0000E+00  1.0000E+00  2.6701E+01 -9.5180E+00  0.0000E+00  0.0000E+00  5.1969E+01  0.0000E+00  0.0000E+00
  2.3000E+01  4.7000E+01  0.0000E+00  1.0000E+00  1.0000E+00  2.7669E+01 -9.8380E+00  0.0000E+00  0.0000E+00  5.4847E+01  0.0000E+00  0.0000E+00
  2.3000E+01  5.9500E+01  0.0000E+00  1.0000E+00  1.0000E+00  2.8395E+01 -1.0077E+01  0.0000E+00  0.0000E+00  5.7369E+01  0.0000E+00  0.0000E+00
  2.3000E+01  7.0500E+01  2.6600E+01  0.0000E+00  0.0000E+00  2.6390E+01  7.4974E-02 -1.0386E+00  2.6600E+01  5.4775E+01 -2.8175E+01 -5.3278E-01
  2.3000E+01  7.1500E+01  0.0000E+00  1.0000E+00  1.0000E+00  2.9151E+01 -1.0323E+01  0.0000E+00  0.0000E+00  5.9877E+01  0.0000E+00  0.0000E+00
  2.3000E+01  8.4000E+01  0.0000E+00  1.0000E+00  1.0000E+00  2.9759E+01 -1.0521E+01  0.0000E+00  0.0000E+00  6.2141E+01  0.0000E+00  0.0000E+00
  2.3000E+01  9.5800E+01  0.0000E+00  1.0000E+00  1.0000E+00  3.0446E+01 -1.0742E+01  0.0000E+00  0.0000E+00  6.4464E+01  0.0000E+00  0.0000E+00
  2.3000E+01  1.0750E+02  0.0000E+00  1.0000E+00  1.0000E+00  3.1100E+01 -1.0952E+01  0.0000E+00  0.0000E+00  6.6699E+01  0.0000E+00  0.0000E+00
  2.3000E+01  1.2000E+02  0.0000E+00  1.0000E+00  1.0000E+00  3.1553E+01 -1.1097E+01  0.0000E+00  0.0000E+00  6.8615E+01  0.0000E+00  0.0000E+00
  2.3000E+01  1.3250E+02  0.0000E+00  1.0000E+00  1.0000E+00  3.1969E+01 -1.1229E+01  0.0000E+00  0.0000E+00  7.0432E+01  0.0000E+00  0.0000E+00
  2.3000E+01  1.4000E+02  2.7700E+01  0.0000E+00  0.0000E+00  3.0412E+01 -9.5693E-01 -2.6921E+00  2.7700E+01  6.8244E+01 -4.0544E+01 -2.0009E+00
  2.4000E+01  0.0000E+00  0.0000E+00  1.0000E+00  1.0000E+00  1.8237E+01 -6.6237E+00  0.0000E+00  0.0000E+00  4.4788E+01  0.0000E+00  0.0000E+00
  2.4000E+01  7.0000E-01  0.0000E+00  1.0000E+00  1.0000E+00  3.6403E+01 -1.2609E+01  0.0000E+00  0.0000E+00  8.9443E+01  0.0000E+00  0.0000E+00
  2.4000E+01  2.0000E+00  3.7300E+01  0.0000E+00  0.0000E+00  3.6141E+01  4.0185E-01 -5.1292E-01  3.7300E+01  8.8956E+01 -5.1656E+01 -7.1122E-02
  2.4000E+01  6.5000E+00  0.0000E+00  1.0000E+00  1.0000E+00  4.4512E+01 -1.4976E+01  0.0000E+00  0.0000E+00  1.1004E+02  0.0000E+00  0.0000E+00
  2.4000E+01  1.6000E+01  0.0000E+00  1.0000E+00  1.0000E+00  4.5121E+01 -1.5145E+01  0.0000E+00  0.0000E+00  1.1284E+02  0.0000E+00  0.0000E+00
  2.4000E+01  2.8000E+01  0.0000E+00  1.0000E+00  1.0000E+00  4.5108E+01 -1.5141E+01  0.0000E+00  0.0000E+00  1.1439E+02  0.0000E+00  0.0000E+00
  2.4000E+01  4.0000E+01  0.0000E+00  1.0000E+00  1.0000E+00  4.5097E+01 -1.5138E+01  0.0000E+00  0.0000E+00  1.1587E+02  0.0000E+00  0.0000E+00
  2.4000E+01  5.2700E+01  0.0000E+00  1.0000E+00  1.0000E+00  4.4922E+01 -1.5090E+01  0.0000E+00  0.0000E+00  1.1695E+02  0.0000E+00  0.0000E+00
  2.4000E+01  6.4000E+01  0.0000E+00  1.0000E+00  1.0000E+00  4.5086E+01 -1.5135E+01  0.0000E+00  0.0000E+00  1.1863E+02  0.0000E+00  0.0000E+00
  2.4000E+01  7.6000E+01  0.0000E+00  1.0000E+00  1.0000E+00  4.5076E+01 -1.5132E+01  0.0000E+00  0.0000E+00  1.1990E+02  0.0000E+00  0.0000E+00
  2.4000E+01  7.9000E+01  4.1700E+01  0.0000E+00  0.0000E+00  4.4331E+01 -8.8589E-01 -2.6165E+00  4.1700E+01  1.1839E+02 -7.6694E+01 -1.6195E+00
  2.4000E+01  8.8000E+01  0.0000E+00  1.0000E+00  1.0000E+00  4.5066E+01 -1.5130E+01  0.0000E+00  0.0000E+00  1.2110E+02  0.0000E+00  0.0000E+00
  2.4000E+01  1.0000E+02  0.0000E+00  1.0000E+00  1.0000E+00  4.5057E+01 -1.5127E+01  0.0000E+00  0.0000E+00  1.2225E+02  0.0000E+00  0.0000E+00
  2.4000E+01  1.1200E+02  0.0000E+00  1.0000E+00  1.0000E+00  4.5049E+01 -1.5125E+01  0.0000E+00  0.0000E+00  1.2334E+02  0.0000E+00  0.0000E+00
  2.4000E+01  1.2400E+02  0.0000E+00  1.0000E+00  1.0000E+00  4.5041E+01 -1.5123E+01  0.0000E+00  0.0000E+00  1.2438E+02  0.0000E+00  0.0000E+00
  2.4000E+01  1.3600E+02  0.0000E+00  1.0000E+00  1.0000E+00  4.5033E+01 -1.5120E+01  0.0000E+00  0.0000E+00  1.2537E+02  0.0000E+00  0.0000E+00
  2.4000E+01  1.4750E+02  0.0000E+00  1.0000E+00  1.0000E+00  4.5144E+01 -1.5151E+01  0.0000E+00  0.0000E+00  1.2655E+02  0.0000E+00  0.0000E+00
  2.4000E+01  1.7600E+02  3.8100E+01  0.0000E+00  0.0000E+00  3.8539E+01 -1.5091E-01 -2.2168E+00  3.8100E+01  1.1226E+02 -7.4155E+01 -1.4822E+00
  2.5000E+01  0.0000E+00  0.0000E+00  1.0000E+00  1.0000E+00  1.3668E+01 -5.0010E+00  0.0000E+00  0.0000E+00  1.0664E+01  0.0000E+00  0.0000E+00
  2.5000E+01  2.0000E+00  1.3700E+01  0.0000E+00  0.0000E+00  1.3580E+01  4.4038E-02  2.3769E-02  1.3700E+01  1.0574E+01  3.1256E+00  6.0553E-02
  2.5000E+01  1.2000E+01  0.0000E+00  1.0000E+00  1.0000E+00  1.4878E+01 -5.4341E+00  0.0000E+00  0.0000E+00  1.1489E+01  0.0000E+00  0.0000E+00
  2.5000E+01  1.8500E+01  0.0000E+00  1.0000E+00  1.0000E+00  2.1401E+01 -7.7247E+00  0.0000E+00  0.0000E+00  1.6511E+01  0.0000E+00  0.0000E+00
  2.5000E+01  2.1000E+01  2.1800E+01  0.0000E+00  0.0000E+00  2.1229E+01  2.0630E-01  2.3194E-01  2.1800E+01  1.6339E+01  5.4613E+00  2.9553E-01
  2.5000E+01  2.3700E+01  0.0000E+00  1.0000E+00  1.0000E+00  2.2410E+01 -8.0712E+00  0.0000E+00  0.0000E+00  1.7221E+01  0.0000E+00  0.0000E+00
  2.5000E+01  3.5800E+01  0.0000E+00  1.0000E+00  1.0000E+00  2.2915E+01 -8.2436E+00  0.0000E+00  0.0000E+00  1.7432E+01  0.0000E+00  0.0000E+00
  2.5000E+01  4.8300E+01  0.0000E+00  1.0000E+00  1.0000E+00  2.3372E+01 -8.3992E+00  0.0000E+00  0.0000E+00  1.7606E+01  0.0000E+00  0.0000E+00
  2.5000E+01  6.0500E+01  0.0000E+00  1.0000E+00  1.0000E+00  2.3832E+01 -8.5555E+00  0.0000E+00  0.0000E+00  1.7791E+01  0.0000E+00  0.0000E+00
  2.5000E+01  6.1500E+01  1.6700E+01  0.0000E+00  0.0000E+00  2.3755E+01 -2.5331E+00 -2.3351E+00  1.6700E+01  1.7717E+01 -1.0165E+00 -2.2846E+00
  2.5000E+01  7.0700E+01  0.0000E+00  1.0000E+00  1.0000E+00  2.7613E+01 -9.8195E+00  0.0000E+00  0.0000E+00  2.0599E+01  0.0000E+00  0.0000E+00
  2.5000E+01  7.2000E+01  0.0000E+00  1.0000E+00  1.0000E+00  2.9319E+01 -1.0378E+01  0.0000E+00  0.0000E+00  2.1908E+01  0.0000E+00  0.0000E+00
  2.5000E+01  8.4000E+01  0.0000E+00  1.0000E+00  1.0000E+00  3.0022E+01 -1.0606E+01  0.0000E+00  0.0000E+00  2.2251E+01  0.0000E+00  0.0000E+00
  2.5000E+01  9.0500E+01  2.9800E+01  0.0000E+00  0.0000E+00  2.9396E+01  1.4285E-01  4.7200E-01  2.9800E+01  2.1651E+01  8.1489E+00  5.8069E-01
  2.5000E+01  9.5800E+01  0.0000E+00  1.0000E+00  1.0000E+00  3.0718E+01 -1.0830E+01  0.0000E+00  0.0000E+00  2.2596E+01  0.0000E+00  0.0000E+00
  2.5000E+01  1.0800E+02  0.0000E+00  1.0000E+00  1.0000E+00  3.1349E+01 -1.1032E+01  0.0000E+00  0.0000E+00  2.2887E+01  0.0000E+00  0.0000E+00
  2.5000E+01  1.2000E+02  0.0000E+00  1.0000E+00  1.0000E+00  3.1975E+01 -1.1231E+01  0.0000E+00  0.0000E+00  2.3182E+01  0.0000E+00  0.0000E+00
  2.5000E+01  1.2150E+02  3.8000E+01  0.0000E+00  0.0000E+00  3.1820E+01  2.1718E+00  2.6521E+00  3.8000E+01  2.3036E+01  1.4964E+01  2.8238E+00
  2.5000E+01  1.3200E+02  0.0000E+00  1.0000E+00  1.0000E+00  3.2577E+01 -1.1422E+01  0.0000E+00  0.0000E+00  2.3463E+01  0.0000E+00  0.0000E+00
  2.5000E+01  1.3800E+02  3.1300E+01  0.0000E+00  0.0000E+00  3.1950E+01 -2.2816E-01  3.3323E-01  3.1300E+01  2.2878E+01  8.4221E+00  4.5321E-01
  2.6000E+01  0.0000E+00  0.0000E+00  1.0000E+00  1.0000E+00  2.1034E+01 -7.5979E+00  0.0000E+00  0.0000E+00  4.9764E+01  0.0000E+00  0.0000E+00
  2.6000E+01  1.1500E+01  0.0000E+00  1.0000E+00  1.0000E+00  2.3143E+01 -8.3215E+00  0.0000E+00  0.0000E+00  5.3812E+01  0.0000E+00  0.0000E+00
  2.6000E+01  2.3500E+01  0.0000E+00  1.0000E+00  1.0000E+00  2.5165E+01 -9.0053E+00  0.0000E+00  0.0000E+00  5.7561E+01  0.0000E+00  0.0000E+00
  2.6000E+01  3.5500E+01  0.0000E+00  1.0000E+00  1.0000E+00  2.7127E+01 -9.6593E+00  0.0000E+00  0.0000E+00  6.1126E+01  0.0000E+00  0.0000E+00
  2.6000E+01  3.7500E+01  2.8600E+01  0.0000E+00  0.0000E+00  2.6992E+01  5.7265E-01 -4.3033E-01  2.8600E+01  6.0614E+01 -3.2014E+01 -3.4992E-01
  2.6000E+01  4.7500E+01  0.0000E+00  1.0000E+00  1.0000E+00  2.9032E+01 -1.0284E+01  0.0000E+00  0.0000E+00  6.4515E+01  0.0000E+00  0.0000E+00
  2.6000E+01  5.9500E+01  0.0000E+00  1.0000E+00  1.0000E+00  3.0880E+01 -1.0882E+01  0.0000E+00  0.0000E+00  6.7737E+01  0.0000E+00  0.0000E+00
  2.6000E+01  7.1500E+01  0.0000E+00  1.0000E+00  1.0000E+00  3.2673E+01 -1.1452E+01  0.0000E+00  0.0000E+00  7.0801E+01  0.0000E+00  0.0000E+00
  2.6000E+01  8.3500E+01  0.0000E+00  1.0000E+00  1.0000E+00  3.4414E+01 -1.1997E+01  0.0000E+00  0.0000E+00  7.3713E+01  0.0000E+00  0.0000E+00
  2.6000E+01  9.5500E+01  0.0000E+00  1.0000E+00  1.0000E+00  3.6104E+01 -1.2517E+01  0.0000E+00  0.0000E+00  7.6483E+01  0.0000E+00  0.0000E+00
  2.6000E+01  1.0750E+02  0.0000E+00  1.0000E+00  1.0000E+00  3.7743E+01 -1.3014E+01  0.0000E+00  0.0000E+00  7.9116E+01  0.0000E+00  0.0000E+00
  2.6000E+01  1.1050E+02  3.4900E+01  0.0000E+00  0.0000E+00  3.7462E+01 -8.8413E-01 -2.2780E+00  3.4900E+01  7.8124E+01 -4.3224E+01 -1.7052E+00
  2.7000E+01  0.0000E+00  0.0000E+00  1.0000E+00  1.0000E+00  2.5827E+01 -9.2268E+00  0.0000E+00  0.0000E+00  2.4882E+01  0.0000E+00  0.0000E+00
  2.7000E+01  1.7000E+00  2.6400E+01  0.0000E+00  0.0000E+00  2.5587E+01  2.9050E-01  4.4155E-01  2.6400E+01  2.4705E+01  1.6953E+00  5.0948E-01
  2.7000E+01  1.2400E+01  0.0000E+00  1.0000E+00  1.0000E+00  2.7821E+01 -9.8882E+00  0.0000E+00  0.0000E+00  2.7172E+01  0.0000E+00  0.0000E+00
  2.7000E+01  2.3700E+01  0.0000E+00  1.0000E+00  1.0000E+00  2.9842E+01 -1.0547E+01  0.0000E+00  0.0000E+00  2.9465E+01  0.0000E+00  0.0000E+00
  2.7000E+01  3.5200E+01  0.0000E+00  1.0000E+00  1.0000E+00  3.1711E+01 -1.1147E+01  0.0000E+00  0.0000E+00  3.1628E+01  0.0000E+00  0.0000E+00
  2.7000E+01  4.8000E+01  0.0000E+00  1.0000E+00  1.0000E+00  3.3254E+01 -1.1635E+01  0.0000E+00  0.0000E+00  3.3525E+01  0.0000E+00  0.0000E+00
  2.7000E+01  5.9700E+01  0.0000E+00  1.0000E+00  1.0000E+00  3.4881E+01 -1.2142E+01  0.0000E+00  0.0000E+00  3.5469E+01  0.0000E+00  0.0000E+00
  2.7000E+01  7.1700E+01  0.0000E+00  1.0000E+00  1.0000E+00  3.6352E+01 -1.2593E+01  0.0000E+00  0.0000E+00  3.7277E+01  0.0000E+00  0.0000E+00
  2.7000E+01  8.3200E+01  3.3300E+01  0.0000E+00  0.0000E+00  3.4135E+01 -2.9118E-01 -4.9158E-01  3.3300E+01  3.5517E+01 -2.2170E+00 -4.8858E-01
  2.8000E+01  0.0000E+00  0.0000E+00  1.0000E+00  1.0000E+00  1.8644E+01 -6.7666E+00  0.0000E+00  0.0000E+00  4.2655E+01  0.0000E+00  0.0000E+00
  2.8000E+01  2.0000E+00  1.6900E+01  0.0000E+00  0.0000E+00  1.8575E+01 -6.0816E-01 -1.9414E+00  1.6900E+01  4.2297E+01 -2.5397E+01 -1.3326E+00
  2.9000E+01  0.0000E+00  0.0000E+00  1.0000E+00  1.0000E+00  2.0037E+01 -7.2526E+00  0.0000E+00  0.0000E+00  1.4218E+01  0.0000E+00  0.0000E+00
  2.9000E+01  1.2000E+01  0.0000E+00  1.0000E+00  1.0000E+00  2.1284E+01 -7.6841E+00  0.0000E+00  0.0000E+00  1.5296E+01  0.0000E+00  0.0000E+00
  2.9000E+01  2.3500E+01  0.0000E+00  1.0000E+00  1.0000E+00  2.2506E+01 -8.1038E+00  0.0000E+00  0.0000E+00  1.6351E+01  0.0000E+00  0.0000E+00
  2.9000E+01  3.6500E+01  0.0000E+00  1.0000E+00  1.0000E+00  2.3483E+01 -8.4371E+00  0.0000E+00  0.0000E+00  1.7258E+01  0.0000E+00  0.0000E+00
  2.9000E+01  4.7500E+01  2.2900E+01  0.0000E+00  0.0000E+00  2.2128E+01  2.7826E-01  8.3970E-01  2.2900E+01  1.6477E+01  6.4228E+00  9.3900E-01
  3.0000E+01  0.0000E+00  0.0000E+00  1.0000E+00  1.0000E+00  9.3729E+00 -3.4469E+00  0.0000E+00  0.0000E+00  1.2796E+01  0.0000E+00  0.0000E+00
  3.0000E+01  2.2000E+00  0.0000E+00  1.0000E+00  1.0000E+00  1.8656E+01 -6.7707E+00  0.0000E+00  0.0000E+00  2.5475E+01  0.0000E+00  0.0000E+00
  3.0000E+01  6.3000E+00  1.7900E+01  0.0000E+00  0.0000E+00  1.8324E+01 -1.5400E-01 -6.1665E-01  1.7900E+01  2.5039E+01 -7.1394E+00 -5.1792E-01
  3.0000E+01  1.5300E+01  0.0000E+00  1.0000E+00  1.0000E+00  1.9439E+01 -7.0443E+00  0.0000E+00  0.0000E+00  2.6597E+01  0.0000E+00  0.0000E+00
  3.0000E+01  2.6300E+01  0.0000E+00  1.0000E+00  1.0000E+00  2.0347E+01 -7.3603E+00  0.0000E+00  0.0000E+00  2.7883E+01  0.0000E+00  0.0000E+00
  3.0000E+01  3.8800E+01  0.0000E+00  1.0000E+00  1.0000E+00  2.1086E+01 -7.6161E+00  0.0000E+00  0.0000E+00  2.8943E+01  0.0000E+00  0.0000E+00
  3.0000E+01  5.0800E+01  0.0000E+00  1.0000E+00  1.0000E+00  2.1830E+01 -7.8721E+00  0.0000E+00  0.0000E+00  3.0006E+01  0.0000E+00  0.0000E+00
  3.0000E+01  6.2800E+01  0.0000E+00  1.0000E+00  1.0000E+00  2.2535E+01 -8.1140E+00  0.0000E+00  0.0000E+00  3.1017E+01  0.0000E+00  0.0000E+00
  3.0000E+01  7.5300E+01  0.0000E+00  1.0000E+00  1.0000E+00  2.3158E+01 -8.3265E+00  0.0000E+00  0.0000E+00  3.1916E+01  0.0000E+00  0.0000E+00
  3.0000E+01  8.7300E+01  0.0000E+00  1.0000E+00  1.0000E+00  2.3795E+01 -8.5431E+00  0.0000E+00  0.0000E+00  3.2833E+01  0.0000E+00  0.0000E+00
  3.0000E+01  9.8800E+01  0.0000E+00  1.0000E+00  1.0000E+00  2.4450E+01 -8.7645E+00  0.0000E+00  0.0000E+00  3.3771E+01  0.0000E+00  0.0000E+00
  3.0000E+01  1.1080E+02  0.0000E+00  1.0000E+00  1.0000E+00  2.5021E+01 -8.9569E+00  0.0000E+00  0.0000E+00  3.4597E+01  0.0000E+00  0.0000E+00
  3.0000E+01  1.2330E+02  0.0000E+00  1.0000E+00  1.0000E+00  2.5511E+01 -9.1214E+00  0.0000E+00  0.0000E+00  3.5313E+01  0.0000E+00  0.0000E+00
  3.0000E+01  1.3480E+02  0.0000E+00  1.0000E+00  1.0000E+00  2.6081E+01 -9.3119E+00  0.0000E+00  0.0000E+00  3.6133E+01  0.0000E+00  0.0000E+00
  3.0000E+01  2.2630E+02  1.6500E+01  0.0000E+00  0.0000E+00  1.7474E+01 -3.5418E-01 -9.3727E-01  1.6500E+01  2.4589E+01 -8.0886E+00 -8.1489E-01
  3.1000E+01  0.0000E+00  0.0000E+00  1.0000E+00  1.0000E+00  2.5149E+01 -8.9999E+00  0.0000E+00  0.0000E+00  2.1327E+01  0.0000E+00  0.0000E+00
  3.1000E+01  1.0000E+00  2.5300E+01  0.0000E+00  0.0000E+00  2.5025E+01  9.8517E-02  3.8013E-01  2.5300E+01  2.1238E+01  4.0621E+00  4.1075E-01
  3.2000E+01  0.0000E+00  0.0000E+00  1.0000E+00  1.0000E+00  1.2814E+01 -4.6940E+00  0.0000E+00  0.0000E+00  4.9764E+01  0.0000E+00  0.0000E+00
  3.2000E+01  6.5000E+00  1.2700E+01  0.0000E+00  0.0000E+00  1.2705E+01 -1.8058E-03 -9.5422E-01  1.2700E+01  4.8422E+01 -3.5722E+01 -6.0237E-01
  3.2000E+01  1.2000E+01  0.0000E+00  1.0000E+00  1.0000E+00  1.3986E+01 -5.1152E+00  0.0000E+00  0.0000E+00  5.2646E+01  0.0000E+00  0.0000E+00
  3.2000E+01  2.1600E+01  0.0000E+00  1.0000E+00  1.0000E+00  2.0218E+01 -7.3154E+00  0.0000E+00  0.0000E+00  7.5444E+01  0.0000E+00  0.0000E+00
  3.2000E+01  2.4000E+01  2.2100E+01  0.0000E+00  0.0000E+00  2.0154E+01  7.0416E-01 -7.9093E-01  2.2100E+01  7.4686E+01 -5.2586E+01 -3.7214E-01
  3.2000E+01  2.4300E+01  0.0000E+00  1.0000E+00  1.0000E+00  2.1519E+01 -7.7652E+00  0.0000E+00  0.0000E+00  7.9924E+01  0.0000E+00  0.0000E+00
  3.2000E+01  3.5600E+01  0.0000E+00  1.0000E+00  1.0000E+00  2.2575E+01 -8.1274E+00  0.0000E+00  0.0000E+00  8.1545E+01  0.0000E+00  0.0000E+00
  3.2000E+01  4.8000E+01  0.0000E+00  1.0000E+00  1.0000E+00  2.3582E+01 -8.4708E+00  0.0000E+00  0.0000E+00  8.2733E+01  0.0000E+00  0.0000E+00
  3.2000E+01  6.1000E+01  0.0000E+00  1.0000E+00  1.0000E+00  2.4556E+01 -8.8002E+00  0.0000E+00  0.0000E+00  8.3661E+01  0.0000E+00  0.0000E+00
  3.2000E+01  7.2000E+01  0.0000E+00  1.0000E+00  1.0000E+00  2.5576E+01 -9.1430E+00  0.0000E+00  0.0000E+00  8.5210E+01  0.0000E+00  0.0000E+00
  3.2000E+01  8.3500E+01  2.1200E+01  0.0000E+00  0.0000E+00  2.5192E+01 -1.4285E+00 -3.2136E+00  2.1200E+01  8.1186E+01 -5.9986E+01 -2.2360E+00
  3.3000E+01  0.0000E+00  0.0000E+00  1.0000E+00  1.0000E+00  1.0929E+01 -4.0126E+00  0.0000E+00  0.0000E+00  1.2086E+01  0.0000E+00  0.0000E+00
  3.3000E+01  4.0000E+00  0.0000E+00  1.0000E+00  1.0000E+00  2.1696E+01 -7.8262E+00  0.0000E+00  0.0000E+00  2.3969E+01  0.0000E+00  0.0000E+00
  3.3000E+01  5.5000E+00  2.1200E+01  0.0000E+00  0.0000E+00  2.1576E+01 -1.3563E-01 -2.7724E-01  2.1200E+01  2.3819E+01 -2.6186E+00 -2.6121E-01
  3.3000E+01  1.6000E+01  0.0000E+00  1.0000E+00  1.0000E+00  2.3515E+01 -8.4480E+00  0.0000E+00  0.0000E+00  2.5846E+01  0.0000E+00  0.0000E+00
  3.3000E+01  2.8000E+01  0.0000E+00  1.0000E+00  1.0000E+00  2.5255E+01 -9.0354E+00  0.0000E+00  0.0000E+00  2.7631E+01  0.0000E+00  0.0000E+00
  3.3000E+01  4.0300E+01  0.0000E+00  1.0000E+00  1.0000E+00  2.6892E+01 -9.5812E+00  0.0000E+00  0.0000E+00  2.9294E+01  0.0000E+00  0.0000E+00
  3.3000E+01  5.2000E+01  0.0000E+00  1.0000E+00  1.0000E+00  2.8513E+01 -1.0115E+01  0.0000E+00  0.0000E+00  3.0944E+01  0.0000E+00  0.0000E+00
  3.3000E+01  6.5000E+01  2.7400E+01  0.0000E+00  0.0000E+00  2.7169E+01  8.2277E-02 -3.7880E-02  2.7400E+01  2.9298E+01 -1.8976E+00 -3.8106E-02
  3.4000E+01  0.0000E+00  0.0000E+00  1.0000E+00  1.0000E+00  2.1973E+01 -7.9212E+00  0.0000E+00  0.0000E+00  2.4171E+01  0.0000E+00  0.0000E+00
  3.4000E+01  1.8000E+00  2.2100E+01  0.0000E+00  0.0000E+00  2.1809E+01  1.0499E-01  2.4174E-03  2.2100E+01  2.3989E+01 -1.8887E+00  5.1311E-03
  3.4000E+01  1.1800E+01  0.0000E+00  1.0000E+00  1.0000E+00  2.3699E+01 -8.5104E+00  0.0000E+00  0.0000E+00  2.6057E+01  0.0000E+00  0.0000E+00
  3.4000E+01  2.3800E+01  0.0000E+00  1.0000E+00  1.0000E+00  2.5324E+01 -9.0585E+00  0.0000E+00  0.0000E+00  2.7832E+01  0.0000E+00  0.0000E+00
  3.4000E+01  4.7800E+01  0.0000E+00  1.0000E+00  1.0000E+00  2.5696E+01 -9.1831E+00  0.0000E+00  0.0000E+00  2.8216E+01  0.0000E+00  0.0000E+00
  3.4000E+01  5.9800E+01  0.0000E+00  1.0000E+00  1.0000E+00  2.7029E+01 -9.6269E+00  0.0000E+00  0.0000E+00  2.9670E+01  0.0000E+00  0.0000E+00
  3.4000E+01  7.1800E+01  0.0000E+00  1.0000E+00  1.0000E+00  2.8298E+01 -1.0045E+01  0.0000E+00  0.0000E+00  3.1053E+01  0.0000E+00  0.0000E+00
  3.4000E+01  8.3800E+01  0.0000E+00  1.0000E+00  1.0000E+00  2.9505E+01 -1.0438E+01  0.0000E+00  0.0000E+00  3.2368E+01  0.0000E+00  0.0000E+00
  3.4000E+01  8.6800E+01  2.8700E+01  0.0000E+00  0.0000E+00  2.9139E+01 -1.5540E-01 -3.4131E-01  2.8700E+01  3.1962E+01 -3.2624E+00 -3.2997E-01
  3.5000E+01  0.0000E+00  0.0000E+00  1.0000E+00  1.0000E+00  1.2352E+01 -4.5276E+00  0.0000E+00  0.0000E+00  1.7773E+01  0.0000E+00  0.0000E+00
  3.5000E+01  3.5000E+00  0.0000E+00  1.0000E+00  1.0000E+00  2.4589E+01 -8.8113E+00  0.0000E+00  0.0000E+00  3.5286E+01  0.0000E+00  0.0000E+00
  3.5000E+01  1.5000E+01  0.0000E+00  1.0000E+00  1.0000E+00  2.6802E+01 -9.5517E+00  0.0000E+00  0.0000E+00  3.7885E+01  0.0000E+00  0.0000E+00
  3.5000E+01  1.9000E+01  2.5200E+01  0.0000E+00  0.0000E+00  2.6515E+01 -4.6896E-01 -9.6208E-01  2.5200E+01  3.7253E+01 -1.2053E+01 -7.4851E-01
  3.5000E+01  2.7000E+01  0.0000E+00  1.0000E+00  1.0000E+00  2.8914E+01 -1.0246E+01  0.0000E+00  0.0000E+00  4.0285E+01  0.0000E+00  0.0000E+00
  3.5000E+01  3.9000E+01  0.0000E+00  1.0000E+00  1.0000E+00  3.0958E+01 -1.0907E+01  0.0000E+00  0.0000E+00  4.2568E+01  0.0000E+00  0.0000E+00
  3.5000E+01  5.1000E+01  0.0000E+00  1.0000E+00  1.0000E+00  3.2937E+01 -1.1535E+01  0.0000E+00  0.0000E+00  4.4738E+01  0.0000E+00  0.0000E+00
  3.5000E+01  6.3000E+01  0.0000E+00  1.0000E+00  1.0000E+00  3.4852E+01 -1.2133E+01  0.0000E+00  0.0000E+00  4.6801E+01  0.0000E+00  0.0000E+00
  3.5000E+01  7.5000E+01  0.0000E+00  1.0000E+00  1.0000E+00  3.6707E+01 -1.2701E+01  0.0000E+00  0.0000E+00  4.8762E+01  0.0000E+00  0.0000E+00
  3.5000E+01  8.7000E+01  0.0000E+00  1.0000E+00  1.0000E+00  3.8503E+01 -1.3241E+01  0.0000E+00  0.0000E+00  5.0627E+01  0.0000E+00  0.0000E+00
  3.5000E+01  9.9000E+01  3.8000E+01  0.0000E+00  0.0000E+00  3.7277E+01  2.4960E-01 -2.1640E-01  3.8000E+01  4.8135E+01 -1.0135E+01 -2.4471E-01
  3.6000E+01  0.0000E+00  0.0000E+00  1.0000E+00  1.0000E+00  2.1109E+01 -7.6239E+00  0.0000E+00  0.0000E+00  2.1327E+01  0.0000E+00  0.0000E+00
  3.6000E+01  2.0000E+00  2.3200E+01  0.0000E+00  0.0000E+00  2.0860E+01  8.4562E-01  8.8190E-01  2.3200E+01  2.1149E+01  2.0513E+00  1.0615E+00
  3.6000E+01  1.2000E+01  0.0000E+00  1.0000E+00  1.0000E+00  2.2471E+01 -8.0919E+00  0.0000E+00  0.0000E+00  2.3121E+01  0.0000E+00  0.0000E+00
  3.6000E+01  2.3500E+01  0.0000E+00  1.0000E+00  1.0000E+00  2.3801E+01 -8.5449E+00  0.0000E+00  0.0000E+00  2.4873E+01  0.0000E+00  0.0000E+00
  3.6000E+01  3.6000E+01  0.0000E+00  1.0000E+00  1.0000E+00  2.4911E+01 -8.9199E+00  0.0000E+00  0.0000E+00  2.6442E+01  0.0000E+00  0.0000E+00
  3.6000E+01  4.8000E+01  0.0000E+00  1.0000E+00  1.0000E+00  2.6011E+01 -9.2884E+00  0.0000E+00  0.0000E+00  2.7984E+01  0.0000E+00  0.0000E+00
  3.6000E+01  6.0000E+01  0.0000E+00  1.0000E+00  1.0000E+00  2.7035E+01 -9.6287E+00  0.0000E+00  0.0000E+00  2.9450E+01  0.0000E+00  0.0000E+00
  3.6000E+01  7.2000E+01  0.0000E+00  1.0000E+00  1.0000E+00  2.7988E+01 -9.9432E+00  0.0000E+00  0.0000E+00  3.0844E+01  0.0000E+00  0.0000E+00
  3.6000E+01  8.5000E+01  0.0000E+00  1.0000E+00  1.0000E+00  2.8722E+01 -1.0183E+01  0.0000E+00  0.0000E+00  3.2046E+01  0.0000E+00  0.0000E+00
  3.6000E+01  9.6000E+01  0.0000E+00  1.0000E+00  1.0000E+00  2.9719E+01 -1.0508E+01  0.0000E+00  0.0000E+00  3.3441E+01  0.0000E+00  0.0000E+00
  3.6000E+01  1.0800E+02  0.0000E+00  1.0000E+00  1.0000E+00  3.0488E+01 -1.0756E+01  0.0000E+00  0.0000E+00  3.4638E+01  0.0000E+00  0.0000E+00
  3.6000E+01  1.2000E+02  0.0000E+00  1.0000E+00  1.0000E+00  3.1203E+01 -1.0985E+01  0.0000E+00  0.0000E+00  3.5777E+01  0.0000E+00  0.0000E+00
  3.6000E+01  1.3200E+02  0.0000E+00  1.0000E+00  1.0000E+00  3.1870E+01 -1.1198E+01  0.0000E+00  0.0000E+00  3.6859E+01  0.0000E+00  0.0000E+00
  3.6000E+01  1.3400E+02  2.8900E+01  0.0000E+00  0.0000E+00  3.1493E+01 -9.1227E-01 -1.2730E+00  2.8900E+01  3.6550E+01 -7.6503E+00 -1.2075E+00
  3.6000E+01  3.0400E+02  1.2700E+01  0.0000E+00  0.0000E+00  1.1466E+01  4.5278E-01 -2.1527E-02  1.2700E+01  1.7877E+01 -5.1773E+00 -1.3100E-01
  3.7000E+01  0.0000E+00  0.0000E+00  1.0000E+00  1.0000E+00  1.9675E+01 -7.1265E+00  0.0000E+00  0.0000E+00  1.7062E+01  0.0000E+00  0.0000E+00
  3.7000E+01  2.3000E+00  1.9500E+01  0.0000E+00  0.0000E+00  1.9476E+01  8.7009E-03  1.5707E-01  1.9500E+01  1.6898E+01  2.6024E+00  1.6589E-01
  3.7000E+01  1.1800E+01  0.0000E+00  1.0000E+00  1.0000E+00  2.1136E+01 -7.6332E+00  0.0000E+00  0.0000E+00  1.8368E+01  0.0000E+00  0.0000E+00
  3.7000E+01  2.4300E+01  0.0000E+00  1.0000E+00  1.0000E+00  2.2462E+01 -8.0887E+00  0.0000E+00  0.0000E+00  1.9560E+01  0.0000E+00  0.0000E+00
  3.7000E+01  3.6300E+01  0.0000E+00  1.0000E+00  1.0000E+00  2.3763E+01 -8.5321E+00  0.0000E+00  0.0000E+00  2.0730E+01  0.0000E+00  0.0000E+00
  3.7000E+01  4.8300E+01  0.0000E+00  1.0000E+00  1.0000E+00  2.4997E+01 -8.9489E+00  0.0000E+00  0.0000E+00  2.1842E+01  0.0000E+00  0.0000E+00
  3.7000E+01  6.0300E+01  0.0000E+00  1.0000E+00  1.0000E+00  2.6168E+01 -9.3407E+00  0.0000E+00  0.0000E+00  2.2900E+01  0.0000E+00  0.0000E+00
  3.7000E+01  7.2800E+01  0.0000E+00  1.0000E+00  1.0000E+00  2.7223E+01 -9.6911E+00  0.0000E+00  0.0000E+00  2.3859E+01  0.0000E+00  0.0000E+00
  3.7000E+01  8.4300E+01  0.0000E+00  1.0000E+00  1.0000E+00  2.8336E+01 -1.0057E+01  0.0000E+00  0.0000E+00  2.4865E+01  0.0000E+00  0.0000E+00
  3.7000E+01  9.6300E+01  0.0000E+00  1.0000E+00  1.0000E+00  2.9335E+01 -1.0383E+01  0.0000E+00  0.0000E+00  2.5774E+01  0.0000E+00  0.0000E+00
  3.7000E+01  1.0830E+02  0.0000E+00  1.0000E+00  1.0000E+00  3.0282E+01 -1.0690E+01  0.0000E+00  0.0000E+00  2.6638E+01  0.0000E+00  0.0000E+00
  3.7000E+01  1.1980E+02  0.0000E+00  1.0000E+00  1.0000E+00  3.1243E+01 -1.0998E+01  0.0000E+00  0.0000E+00  2.7513E+01  0.0000E+00  0.0000E+00
  3.7000E+01  1.3230E+02  0.0000E+00  1.0000E+00  1.0000E+00  3.2027E+01 -1.1248E+01  0.0000E+00  0.0000E+00  2.8236E+01  0.0000E+00  0.0000E+00
  3.7000E+01  1.4430E+02  0.0000E+00  1.0000E+00  1.0000E+00  3.2835E+01 -1.1503E+01  0.0000E+00  0.0000E+00  2.8979E+01  0.0000E+00  0.0000E+00
  3.7000E+01  1.5630E+02  0.0000E+00  1.0000E+00  1.0000E+00  3.3602E+01 -1.1744E+01  0.0000E+00  0.0000E+00  2.9685E+01  0.0000E+00  0.0000E+00
  3.7000E+01  1.5980E+02  3.3400E+01  0.0000E+00  0.0000E+00  3.3087E+01  1.0961E-01  3.6635E-01  3.3400E+01  2.9251E+01  4.1490E+00  3.8732E-01
  3.8000E+01  0.0000E+00  0.0000E+00  1.0000E+00  1.0000E+00  1.8215E+01 -6.6162E+00  0.0000E+00  0.0000E+00  1.8484E+01  0.0000E+00  0.0000E+00
  3.8000E+01  1.8000E+00  1.7900E+01  0.0000E+00  0.0000E+00  1.8059E+01 -5.7753E-02 -4.2678E-02  1.7900E+01  1.8344E+01 -4.4433E-01 -3.1548E-02
  3.8000E+01  1.1600E+01  0.0000E+00  1.0000E+00  1.0000E+00  1.9333E+01 -7.0073E+00  0.0000E+00  0.0000E+00  1.9736E+01  0.0000E+00  0.0000E+00
  3.8000E+01  2.3300E+01  0.0000E+00  1.0000E+00  1.0000E+00  2.0381E+01 -7.3718E+00  0.0000E+00  0.0000E+00  2.0921E+01  0.0000E+00  0.0000E+00
  3.8000E+01  3.5300E+01  0.0000E+00  1.0000E+00  1.0000E+00  2.1344E+01 -7.7048E+00  0.0000E+00  0.0000E+00  2.2024E+01  0.0000E+00  0.0000E+00
  3.8000E+01  4.7300E+01  0.0000E+00  1.0000E+00  1.0000E+00  2.2253E+01 -8.0174E+00  0.0000E+00  0.0000E+00  2.3072E+01  0.0000E+00  0.0000E+00
  3.8000E+01  5.9300E+01  0.0000E+00  1.0000E+00  1.0000E+00  2.3112E+01 -8.3107E+00  0.0000E+00  0.0000E+00  2.4069E+01  0.0000E+00  0.0000E+00
  3.8000E+01  7.1300E+01  0.0000E+00  1.0000E+00  1.0000E+00  2.3922E+01 -8.5861E+00  0.0000E+00  0.0000E+00  2.5017E+01  0.0000E+00  0.0000E+00
  3.8000E+01  8.3300E+01  0.0000E+00  1.0000E+00  1.0000E+00  2.4688E+01 -8.8447E+00  0.0000E+00  0.0000E+00  2.5918E+01  0.0000E+00  0.0000E+00
  3.8000E+01  9.5300E+01  0.0000E+00  1.0000E+00  1.0000E+00  2.5410E+01 -9.0876E+00  0.0000E+00  0.0000E+00  2.6775E+01  0.0000E+00  0.0000E+00
  3.8000E+01  1.0730E+02  0.0000E+00  1.0000E+00  1.0000E+00  2.6093E+01 -9.3156E+00  0.0000E+00  0.0000E+00  2.7590E+01  0.0000E+00  0.0000E+00
  3.8000E+01  1.1880E+02  2.1600E+01  0.0000E+00  0.0000E+00  2.4694E+01 -1.1085E+00 -1.2020E+00  2.1600E+01  2.6287E+01 -4.6868E+00 -1.1896E+00
  3.8000E+01  1.1930E+02  0.0000E+00  1.0000E+00  1.0000E+00  2.6737E+01 -9.5299E+00  0.0000E+00  0.0000E+00  2.8364E+01  0.0000E+00  0.0000E+00
  3.8000E+01  1.3130E+02  0.0000E+00  1.0000E+00  1.0000E+00  2.7345E+01 -9.7312E+00  0.0000E+00  0.0000E+00  2.9101E+01  0.0000E+00  0.0000E+00
  3.8000E+01  1.4330E+02  0.0000E+00  1.0000E+00  1.0000E+00  2.7919E+01 -9.9204E+00  0.0000E+00  0.0000E+00  2.9801E+01  0.0000E+00  0.0000E+00
  3.8000E+01  1.5530E+02  0.0000E+00  1.0000E+00  1.0000E+00  2.8461E+01 -1.0098E+01  0.0000E+00  0.0000E+00  3.0467E+01  0.0000E+00  0.0000E+00
  3.8000E+01  1.6730E+02  0.0000E+00  1.0000E+00  1.0000E+00  2.8973E+01 -1.0265E+01  0.0000E+00  0.0000E+00  3.1099E+01  0.0000E+00  0.0000E+00
  3.8000E+01  1.8330E+02  3.0500E+01  0.0000E+00  0.0000E+00  2.6835E+01  1.3059E+00  1.1584E+00  3.0500E+01  2.9075E+01  1.4249E+00  1.1592E+00
  3.8000E+01  3.1030E+02  1.3000E+01  0.0000E+00  0.0000E+00  1.4604E+01 -5.8625E-01 -7.7473E-01  1.3000E+01  1.7041E+01 -4.0409E+00 -7.6094E-01
  3.9000E+01  0.0000E+00  0.0000E+00  1.0000E+00  1.0000E+00  3.1112E+01 -1.0956E+01  0.0000E+00  0.0000E+00  3.9811E+01  0.0000E+00  0.0000E+00
  3.9000E+01  1.4000E+00  3.0000E+01  0.0000E+00  0.0000E+00  3.0885E+01 -3.1201E-01 -6.1178E-01  3.0000E+01  3.9577E+01 -9.5774E+00 -4.9226E-01
  3.9000E+01  1.2700E+01  0.0000E+00  1.0000E+00  1.0000E+00  3.1891E+01 -1.1205E+01  0.0000E+00  0.0000E+00  4.1295E+01  0.0000E+00  0.0000E+00
  3.9000E+01  2.4400E+01  0.0000E+00  1.0000E+00  1.0000E+00  3.2776E+01 -1.1485E+01  0.0000E+00  0.0000E+00  4.2866E+01  0.0000E+00  0.0000E+00
  3.9000E+01  3.6400E+01  0.0000E+00  1.0000E+00  1.0000E+00  3.3560E+01 -1.1731E+01  0.0000E+00  0.0000E+00  4.4310E+01  0.0000E+00  0.0000E+00
  3.9000E+01  4.8400E+01  0.0000E+00  1.0000E+00  1.0000E+00  3.4297E+01 -1.1961E+01  0.0000E+00  0.0000E+00  4.5683E+01  0.0000E+00  0.0000E+00
  3.9000E+01  6.0400E+01  0.0000E+00  1.0000E+00  1.0000E+00  3.4988E+01 -1.2175E+01  0.0000E+00  0.0000E+00  4.6989E+01  0.0000E+00  0.0000E+00
  3.9000E+01  7.2300E+01  0.0000E+00  1.0000E+00  1.0000E+00  3.5655E+01 -1.2380E+01  0.0000E+00  0.0000E+00  4.8249E+01  0.0000E+00  0.0000E+00
  3.9000E+01  8.4800E+01  0.0000E+00  1.0000E+00  1.0000E+00  3.6177E+01 -1.2540E+01  0.0000E+00  0.0000E+00  4.9332E+01  0.0000E+00  0.0000E+00
  3.9000E+01  9.6400E+01  0.0000E+00  1.0000E+00  1.0000E+00  3.6825E+01 -1.2737E+01  0.0000E+00  0.0000E+00  5.0537E+01  0.0000E+00  0.0000E+00
  3.9000E+01  1.0840E+02  0.0000E+00  1.0000E+00  1.0000E+00  3.7363E+01 -1.2900E+01  0.0000E+00  0.0000E+00  5.1604E+01  0.0000E+00  0.0000E+00
  3.9000E+01  1.1040E+02  3.7700E+01  0.0000E+00  0.0000E+00  3.6974E+01  2.5089E-01 -4.1222E-01  3.7700E+01  5.1171E+01 -1.3471E+01 -3.0081E-01
  3.9000E+01  1.2040E+02  0.0000E+00  1.0000E+00  1.0000E+00  3.7868E+01 -1.3052E+01  0.0000E+00  0.0000E+00  5.2618E+01  0.0000E+00  0.0000E+00
  3.9000E+01  1.3240E+02  0.0000E+00  1.0000E+00  1.0000E+00  3.8343E+01 -1.3193E+01  0.0000E+00  0.0000E+00  5.3582E+01  0.0000E+00  0.0000E+00
  3.9000E+01  2.6040E+02  1.8400E+01  0.0000E+00  0.0000E+00  1.9632E+01 -4.4621E-01 -1.1025E+00  1.8400E+01  3.1273E+01 -1.2873E+01 -9.8364E-01
  4.0000E+01  0.0000E+00  0.0000E+00  1.0000E+00  1.0000E+00  1.3997E+01 -5.1192E+00  0.0000E+00  0.0000E+00  1.3507E+01  0.0000E+00  0.0000E+00
  4.0000E+01  1.0000E+00  1.3700E+01  0.0000E+00  0.0000E+00  1.3936E+01 -8.6498E-02 -5.8351E-02  1.3700E+01  1.3451E+01  2.4934E-01 -5.7722E-02
  4.0000E+01  2.0000E+00  0.0000E+00  1.0000E+00  1.0000E+00  1.6086E+01 -5.8643E+00  0.0000E+00  0.0000E+00  1.5527E+01  0.0000E+00  0.0000E+00
  4.0000E+01  3.8000E+00  0.0000E+00  1.0000E+00  1.0000E+00  2.4801E+01 -8.8828E+00  0.0000E+00  0.0000E+00  2.3941E+01  0.0000E+00  0.0000E+00
  4.0000E+01  4.0000E+00  2.5000E+01  0.0000E+00  0.0000E+00  2.4779E+01  7.9073E-02  1.2875E-01  2.5000E+01  2.3921E+01  1.0794E+00  1.3004E-01
  4.1000E+01  0.0000E+00  0.0000E+00  1.0000E+00  1.0000E+00  1.7460E+01 -6.3503E+00  0.0000E+00  0.0000E+00  2.4171E+01  0.0000E+00  0.0000E+00
  4.1000E+01  2.0000E+00  1.8600E+01  0.0000E+00  0.0000E+00  1.7347E+01  4.5586E-01  1.6119E-01  1.8600E+01  2.3969E+01 -5.3686E+00  2.1250E-01
  4.1000E+01  7.3000E+00  0.0000E+00  1.0000E+00  1.0000E+00  1.9106E+01 -6.9281E+00  0.0000E+00  0.0000E+00  2.6284E+01  0.0000E+00  0.0000E+00
  4.1000E+01  1.2000E+01  0.0000E+00  1.0000E+00  1.0000E+00  2.0871E+01 -7.5418E+00  0.0000E+00  0.0000E+00  2.8613E+01  0.0000E+00  0.0000E+00
  4.1000E+01  2.4800E+01  0.0000E+00  1.0000E+00  1.0000E+00  2.2078E+01 -7.9574E+00  0.0000E+00  0.0000E+00  2.9956E+01  0.0000E+00  0.0000E+00
  4.1000E+01  3.3900E+01  0.0000E+00  1.0000E+00  1.0000E+00  2.3491E+01 -8.4399E+00  0.0000E+00  0.0000E+00  3.1675E+01  0.0000E+00  0.0000E+00
  4.1000E+01  3.6000E+01  2.1000E+01  0.0000E+00  0.0000E+00  2.3332E+01 -8.3825E-01 -1.2132E+00  2.1000E+01  3.1396E+01 -1.0396E+01 -1.1487E+00
  4.1000E+01  4.8300E+01  0.0000E+00  1.0000E+00  1.0000E+00  2.4476E+01 -8.7732E+00  0.0000E+00  0.0000E+00  3.2657E+01  0.0000E+00  0.0000E+00
  4.1000E+01  5.8700E+01  0.0000E+00  1.0000E+00  1.0000E+00  2.5719E+01 -9.1910E+00  0.0000E+00  0.0000E+00  3.4103E+01  0.0000E+00  0.0000E+00
  4.1000E+01  5.9000E+01  2.6400E+01  0.0000E+00  0.0000E+00  2.5694E+01  2.5218E-01 -1.4731E-01  2.6400E+01  3.4060E+01 -7.6595E+00 -1.1740E-01
  4.2000E+01  0.0000E+00  0.0000E+00  1.0000E+00  1.0000E+00  5.7341E+00 -2.1147E+00  0.0000E+00  0.0000E+00  1.9906E+01  0.0000E+00  0.0000E+00
  4.2000E+01  1.2000E+01  0.0000E+00  1.0000E+00  1.0000E+00  1.1368E+01 -4.1718E+00  0.0000E+00  0.0000E+00  3.8831E+01  0.0000E+00  0.0000E+00
  4.2000E+01  1.4000E+01  1.3300E+01  0.0000E+00  0.0000E+00  1.1335E+01  7.2121E-01 -4.2582E-01  1.3300E+01  3.8506E+01 -2.5206E+01 -1.5497E-01
  4.2000E+01  2.3700E+01  0.0000E+00  1.0000E+00  1.0000E+00  1.2608E+01 -4.6198E+00  0.0000E+00  0.0000E+00  4.1943E+01  0.0000E+00  0.0000E+00
  4.2000E+01  3.6200E+01  0.0000E+00  1.0000E+00  1.0000E+00  1.3813E+01 -5.0529E+00  0.0000E+00  0.0000E+00  4.4770E+01  0.0000E+00  0.0000E+00
  4.2000E+01  4.7800E+01  0.0000E+00  1.0000E+00  1.0000E+00  1.5013E+01 -5.4824E+00  0.0000E+00  0.0000E+00  4.7615E+01  0.0000E+00  0.0000E+00
  4.2000E+01  6.0000E+01  0.0000E+00  1.0000E+00  1.0000E+00  1.6180E+01 -5.8978E+00  0.0000E+00  0.0000E+00  5.0209E+01  0.0000E+00  0.0000E+00
  4.2000E+01  7.2000E+01  0.0000E+00  1.0000E+00  1.0000E+00  1.7331E+01 -6.3051E+00  0.0000E+00  0.0000E+00  5.2714E+01  0.0000E+00  0.0000E+00
  4.2000E+01  8.4000E+01  0.0000E+00  1.0000E+00  1.0000E+00  1.8463E+01 -6.7030E+00  0.0000E+00  0.0000E+00  5.5095E+01  0.0000E+00  0.0000E+00
  4.2000E+01  9.5500E+01  1.3900E+01  0.0000E+00  0.0000E+00  1.8154E+01 -1.5452E+00 -3.2557E+00  1.3900E+01  5.2493E+01 -3.8593E+01 -2.3619E+00
  4.3000E+01  0.0000E+00  0.0000E+00  1.0000E+00  1.0000E+00  2.1638E+01 -7.8062E+00  0.0000E+00  0.0000E+00  1.2796E+01  0.0000E+00  0.0000E+00
  4.3000E+01  2.0000E+00  2.2300E+01  0.0000E+00  0.0000E+00  2.1335E+01  3.4847E-01  1.2211E+00  2.2300E+01  1.2689E+01  9.6108E+00  1.5320E+00
  4.4000E+01  0.0000E+00  0.0000E+00  1.0000E+00  1.0000E+00  9.4581E+00 -3.4780E+00  0.0000E+00  0.0000E+00  9.9528E+00  0.0000E+00  0.0000E+00
  4.4000E+01  5.0000E+00  0.0000E+00  1.0000E+00  1.0000E+00  1.8705E+01 -6.7880E+00  0.0000E+00  0.0000E+00  1.9698E+01  0.0000E+00  0.0000E+00
  4.4000E+01  1.1000E+01  1.7800E+01  0.0000E+00  0.0000E+00  1.8205E+01 -1.4723E-01 -2.0059E-01  1.7800E+01  1.9207E+01 -1.4074E+00 -1.9325E-01
  4.4000E+01  1.7000E+01  0.0000E+00  1.0000E+00  1.0000E+00  2.0083E+01 -7.2687E+00  0.0000E+00  0.0000E+00  2.1217E+01  0.0000E+00  0.0000E+00
  4.4000E+01  2.9000E+01  0.0000E+00  1.0000E+00  1.0000E+00  2.1389E+01 -7.7204E+00  0.0000E+00  0.0000E+00  2.2661E+01  0.0000E+00  0.0000E+00
  4.4000E+01  4.1000E+01  0.0000E+00  1.0000E+00  1.0000E+00  2.2626E+01 -8.1449E+00  0.0000E+00  0.0000E+00  2.4033E+01  0.0000E+00  0.0000E+00
  4.4000E+01  5.4500E+01  0.0000E+00  1.0000E+00  1.0000E+00  2.3653E+01 -8.4947E+00  0.0000E+00  0.0000E+00  2.5195E+01  0.0000E+00  0.0000E+00
  4.4000E+01  6.5000E+01  0.0000E+00  1.0000E+00  1.0000E+00  2.4922E+01 -8.9237E+00  0.0000E+00  0.0000E+00  2.6594E+01  0.0000E+00  0.0000E+00
  4.4000E+01  7.7500E+01  0.0000E+00  1.0000E+00  1.0000E+00  2.5920E+01 -9.2579E+00  0.0000E+00  0.0000E+00  2.7720E+01  0.0000E+00  0.0000E+00
  4.4000E+01  8.9000E+01  0.0000E+00  1.0000E+00  1.0000E+00  2.6973E+01 -9.6082E+00  0.0000E+00  0.0000E+00  2.8899E+01  0.0000E+00  0.0000E+00
  4.4000E+01  1.0100E+02  0.0000E+00  1.0000E+00  1.0000E+00  2.7915E+01 -9.9191E+00  0.0000E+00  0.0000E+00  2.9965E+01  0.0000E+00  0.0000E+00
  4.4000E+01  1.1300E+02  0.0000E+00  1.0000E+00  1.0000E+00  2.8808E+01 -1.0211E+01  0.0000E+00  0.0000E+00  3.0978E+01  0.0000E+00  0.0000E+00
  4.4000E+01  1.2500E+02  2.7600E+01  0.0000E+00  0.0000E+00  2.7289E+01  1.1073E-01 -4.2549E-02  2.7600E+01  2.9453E+01 -1.8527E+00 -3.3942E-02
  4.4000E+01  1.2550E+02  0.0000E+00  1.0000E+00  1.0000E+00  2.9592E+01 -1.0467E+01  0.0000E+00  0.0000E+00  3.1879E+01  0.0000E+00  0.0000E+00
  4.4000E+01  2.9200E+02  1.3500E+01  0.0000E+00  0.0000E+00  1.3956E+01 -1.6684E-01 -3.2828E-01  1.3500E+01  1.5824E+01 -2.3238E+00 -3.2137E-01
  4.5000E+01  0.0000E+00  0.0000E+00  1.0000E+00  1.0000E+00  1.7396E+01 -6.3278E+00  0.0000E+00  0.0000E+00  1.1375E+01  0.0000E+00  0.0000E+00
  4.5000E+01  4.5000E+00  1.6600E+01  0.0000E+00  0.0000E+00  1.7006E+01 -1.4793E-01  2.5832E-01  1.6600E+01  1.1161E+01  5.4387E+00  3.5313E-01
  4.5000E+01  1.2500E+01  0.0000E+00  1.0000E+00  1.0000E+00  1.8510E+01 -6.7196E+00  0.0000E+00  0.0000E+00  1.2214E+01  0.0000E+00  0.0000E+00
  4.5000E+01  2.4500E+01  0.0000E+00  1.0000E+00  1.0000E+00  1.9600E+01 -7.1005E+00  0.0000E+00  0.0000E+00  1.3034E+01  0.0000E+00  0.0000E+00
  4.5000E+01  3.6500E+01  0.0000E+00  1.0000E+00  1.0000E+00  2.0626E+01 -7.4569E+00  0.0000E+00  0.0000E+00  1.3814E+01  0.0000E+00  0.0000E+00
  4.5000E+01  4.8300E+01  2.0200E+01  0.0000E+00  0.0000E+00  1.9437E+01  2.7638E-01  7.4847E-01  2.0200E+01  1.3145E+01  7.0545E+00  8.5181E-01
  4.5000E+01  4.8500E+01  0.0000E+00  1.0000E+00  1.0000E+00  2.1592E+01 -7.7904E+00  0.0000E+00  0.0000E+00  1.4556E+01  0.0000E+00  0.0000E+00
  4.5000E+01  6.0500E+01  0.0000E+00  1.0000E+00  1.0000E+00  2.2502E+01 -8.1025E+00  0.0000E+00  0.0000E+00  1.5261E+01  0.0000E+00  0.0000E+00
  4.5000E+01  7.2500E+01  0.0000E+00  1.0000E+00  1.0000E+00  2.3358E+01 -8.3945E+00  0.0000E+00  0.0000E+00  1.5932E+01  0.0000E+00  0.0000E+00
  4.5000E+01  8.4500E+01  0.0000E+00  1.0000E+00  1.0000E+00  2.4164E+01 -8.6679E+00  0.0000E+00  0.0000E+00  1.6570E+01  0.0000E+00  0.0000E+00
  4.5000E+01  9.6500E+01  0.0000E+00  1.0000E+00  1.0000E+00  2.4923E+01 -8.9238E+00  0.0000E+00  0.0000E+00  1.7176E+01  0.0000E+00  0.0000E+00
  4.5000E+01  1.0650E+02  2.4500E+01  0.0000E+00  0.0000E+00  2.3700E+01  2.8733E-01  8.7060E-01  2.4500E+01  1.6468E+01  8.0319E+00  9.9602E-01
  4.6000E+01  0.0000E+00  0.0000E+00  1.0000E+00  1.0000E+00  9.9047E+00 -3.6405E+00  0.0000E+00  0.0000E+00  7.8201E+00  0.0000E+00  0.0000E+00
  4.6000E+01  5.0000E-01  0.0000E+00  1.0000E+00  1.0000E+00  1.9783E+01 -7.1642E+00  0.0000E+00  0.0000E+00  1.5624E+01  0.0000E+00  0.0000E+00
  4.6000E+01  2.0000E+00  2.0100E+01  0.0000E+00  0.0000E+00  1.9626E+01  1.7175E-01  5.5374E-01  2.0100E+01  1.5525E+01  4.5746E+00  6.1476E-01
  4.7000E+01  0.0000E+00  0.0000E+00  1.0000E+00  1.0000E+00  1.6703E+01 -6.0829E+00  0.0000E+00  0.0000E+00  2.8437E+01  0.0000E+00  0.0000E+00
  4.7000E+01  9.3000E+00  0.0000E+00  1.0000E+00  1.0000E+00  1.9106E+01 -6.9280E+00  0.0000E+00  0.0000E+00  3.2109E+01  0.0000E+00  0.0000E+00
  4.7000E+01  1.9300E+01  0.0000E+00  1.0000E+00  1.0000E+00  2.1418E+01 -7.7304E+00  0.0000E+00  0.0000E+00  3.5549E+01  0.0000E+00  0.0000E+00
  4.7000E+01  3.3300E+01  0.0000E+00  1.0000E+00  1.0000E+00  2.3458E+01 -8.4286E+00  0.0000E+00  0.0000E+00  3.8279E+01  0.0000E+00  0.0000E+00
  4.7000E+01  3.6300E+01  0.0000E+00  1.0000E+00  1.0000E+00  2.6076E+01 -9.3100E+00  0.0000E+00  0.0000E+00  4.2562E+01  0.0000E+00  0.0000E+00
  4.7000E+01  3.8300E+01  2.5100E+01  0.0000E+00  0.0000E+00  2.5942E+01 -3.0067E-01 -1.2263E+00  2.5100E+01  4.2205E+01 -1.7105E+01 -9.9793E-01
  4.8000E+01  0.0000E+00  0.0000E+00  1.0000E+00  1.0000E+00  1.9310E+01 -6.9995E+00  0.0000E+00  0.0000E+00  9.9528E+00  0.0000E+00  0.0000E+00
  4.8000E+01  2.8000E+00  1.2900E+01  0.0000E+00  0.0000E+00  1.9155E+01 -2.2680E+00 -2.2637E+00  1.2900E+01  9.8362E+00  3.0638E+00 -2.0708E+00
  4.8000E+01  1.1300E+01  0.0000E+00  1.0000E+00  1.0000E+00  2.1036E+01 -7.5986E+00  0.0000E+00  0.0000E+00  1.0699E+01  0.0000E+00  0.0000E+00
  4.8000E+01  2.3300E+01  0.0000E+00  1.0000E+00  1.0000E+00  2.2665E+01 -8.1583E+00  0.0000E+00  0.0000E+00  1.1381E+01  0.0000E+00  0.0000E+00
  4.8000E+01  2.8800E+01  0.0000E+00  1.0000E+00  1.0000E+00  3.6102E+01 -1.2517E+01  0.0000E+00  0.0000E+00  1.8230E+01  0.0000E+00  0.0000E+00
  4.8000E+01  3.5300E+01  0.0000E+00  1.0000E+00  1.0000E+00  3.7776E+01 -1.3024E+01  0.0000E+00  0.0000E+00  1.8947E+01  0.0000E+00  0.0000E+00
  4.8000E+01  4.7500E+01  0.0000E+00  1.0000E+00  1.0000E+00  3.8815E+01 -1.3334E+01  0.0000E+00  0.0000E+00  1.9207E+01  0.0000E+00  0.0000E+00
  4.8000E+01  5.9300E+01  0.0000E+00  1.0000E+00  1.0000E+00  3.9861E+01 -1.3643E+01  0.0000E+00  0.0000E+00  1.9486E+01  0.0000E+00  0.0000E+00
  4.8000E+01  6.5800E+01  4.1100E+01  0.0000E+00  0.0000E+00  3.9120E+01  6.7934E-01  1.2884E+00  4.1100E+01  1.8960E+01  2.2140E+01  1.9370E+00
  4.8000E+01  7.1800E+01  0.0000E+00  1.0000E+00  1.0000E+00  4.0794E+01 -1.3916E+01  0.0000E+00  0.0000E+00  1.9696E+01  0.0000E+00  0.0000E+00
  4.8000E+01  8.4800E+01  4.0300E+01  0.0000E+00  0.0000E+00  3.9293E+01  3.4542E-01  1.1701E+00  4.0300E+01  1.8648E+01  2.1652E+01  1.8529E+00
  4.8000E+01  1.1230E+02  3.6800E+01  0.0000E+00  0.0000E+00  3.6297E+01  1.7439E-01  1.2768E+00  3.6800E+01  1.6611E+01  2.0189E+01  1.9687E+00
  4.8000E+01  1.3790E+02  3.5800E+01  0.0000E+00  0.0000E+00  3.3713E+01  7.2907E-01  2.0496E+00  3.5800E+01  1.4915E+01  2.0885E+01  2.7656E+00
  4.9000E+01  0.0000E+00  0.0000E+00  1.0000E+00  1.0000E+00  1.7583E+01 -6.3938E+00  0.0000E+00  0.0000E+00  1.8484E+01  0.0000E+00  0.0000E+00
  4.9000E+01  2.0000E+00  1.8800E+01  0.0000E+00  0.0000E+00  1.7456E+01  4.8883E-01  3.9576E-01  1.8800E+01  1.8329E+01  4.7110E-01  4.0566E-01
  4.9000E+01  1.2000E+01  0.0000E+00  1.0000E+00  1.0000E+00  1.9540E+01 -7.0795E+00  0.0000E+00  0.0000E+00  2.0417E+01  0.0000E+00  0.0000E+00
  4.9000E+01  2.4000E+01  0.0000E+00  1.0000E+00  1.0000E+00  2.1413E+01 -7.7286E+00  0.0000E+00  0.0000E+00  2.2256E+01  0.0000E+00  0.0000E+00
  4.9000E+01  3.6000E+01  0.0000E+00  1.0000E+00  1.0000E+00  2.3206E+01 -8.3429E+00  0.0000E+00  0.0000E+00  2.4004E+01  0.0000E+00  0.0000E+00
  4.9000E+01  4.8000E+01  0.0000E+00  1.0000E+00  1.0000E+00  2.4923E+01 -8.9241E+00  0.0000E+00  0.0000E+00  2.5666E+01  0.0000E+00  0.0000E+00
  4.9000E+01  6.0500E+01  0.0000E+00  1.0000E+00  1.0000E+00  2.6524E+01 -9.4593E+00  0.0000E+00  0.0000E+00  2.7195E+01  0.0000E+00  0.0000E+00
  4.9000E+01  7.2000E+01  0.0000E+00  1.0000E+00  1.0000E+00  2.8146E+01 -9.9950E+00  0.0000E+00  0.0000E+00  2.8754E+01  0.0000E+00  0.0000E+00
  4.9000E+01  7.4000E+01  2.5100E+01  0.0000E+00  0.0000E+00  2.7943E+01 -1.0101E+00 -1.0590E+00  2.5100E+01  2.8513E+01 -3.4133E+00 -1.0510E+00
  4.9000E+01  8.4000E+01  0.0000E+00  1.0000E+00  1.0000E+00  2.9653E+01 -1.0486E+01  0.0000E+00  0.0000E+00  3.0182E+01  0.0000E+00  0.0000E+00
  4.9000E+01  9.6000E+01  0.0000E+00  1.0000E+00  1.0000E+00  3.1096E+01 -1.0951E+01  0.0000E+00  0.0000E+00  3.1540E+01  0.0000E+00  0.0000E+00
  4.9000E+01  1.0850E+02  0.0000E+00  1.0000E+00  1.0000E+00  3.2423E+01 -1.1373E+01  0.0000E+00  0.0000E+00  3.2768E+01  0.0000E+00  0.0000E+00
  4.9000E+01  1.2000E+02  0.0000E+00  1.0000E+00  1.0000E+00  3.3804E+01 -1.1807E+01  0.0000E+00  0.0000E+00  3.4064E+01  0.0000E+00  0.0000E+00
  4.9000E+01  1.3200E+02  0.0000E+00  1.0000E+00  1.0000E+00  3.5070E+01 -1.2200E+01  0.0000E+00  0.0000E+00  3.5231E+01  0.0000E+00  0.0000E+00
  4.9000E+01  1.4400E+02  0.0000E+00  1.0000E+00  1.0000E+00  3.6282E+01 -1.2572E+01  0.0000E+00  0.0000E+00  3.6340E+01  0.0000E+00  0.0000E+00
  4.9000E+01  1.5000E+02  3.7200E+01  0.0000E+00  0.0000E+00  3.5501E+01  5.9009E-01  6.2562E-01  3.7200E+01  3.5434E+01  1.7656E+00  6.2637E-01
  5.0000E+01  0.0000E+00  0.0000E+00  1.0000E+00  1.0000E+00  2.4401E+01 -8.7479E+00  0.0000E+00  0.0000E+00  1.4218E+01  0.0000E+00  0.0000E+00
  5.0000E+01  3.0000E+00  2.2200E+01  0.0000E+00  0.0000E+00  2.3922E+01 -6.1806E-01 -2.3067E-01  2.2200E+01  1.4040E+01  8.1600E+00 -6.2441E-02
  5.0000E+01  1.2500E+01  0.0000E+00  1.0000E+00  1.0000E+00  2.5517E+01 -9.1233E+00  0.0000E+00  0.0000E+00  1.5267E+01  0.0000E+00  0.0000E+00
  5.0000E+01  2.4500E+01  0.0000E+00  1.0000E+00  1.0000E+00  2.6623E+01 -9.4920E+00  0.0000E+00  0.0000E+00  1.6293E+01  0.0000E+00  0.0000E+00
  5.0000E+01  3.6500E+01  0.0000E+00  1.0000E+00  1.0000E+00  2.7644E+01 -9.8298E+00  0.0000E+00  0.0000E+00  1.7268E+01  0.0000E+00  0.0000E+00
  5.0000E+01  4.8000E+01  0.0000E+00  1.0000E+00  1.0000E+00  2.8672E+01 -1.0167E+01  0.0000E+00  0.0000E+00  1.8230E+01  0.0000E+00  0.0000E+00
  5.0000E+01  6.0500E+01  0.0000E+00  1.0000E+00  1.0000E+00  2.9450E+01 -1.0420E+01  0.0000E+00  0.0000E+00  1.9073E+01  0.0000E+00  0.0000E+00
  5.0000E+01  7.2500E+01  0.0000E+00  1.0000E+00  1.0000E+00  3.0255E+01 -1.0681E+01  0.0000E+00  0.0000E+00  1.9912E+01  0.0000E+00  0.0000E+00
  5.0000E+01  8.1000E+01  3.0500E+01  0.0000E+00  0.0000E+00  2.8603E+01  6.7263E-01  9.4128E-01  3.0500E+01  1.9212E+01  1.1288E+01  9.7916E-01
  5.0000E+01  8.4500E+01  0.0000E+00  1.0000E+00  1.0000E+00  3.1000E+01 -1.0920E+01  0.0000E+00  0.0000E+00  2.0709E+01  0.0000E+00  0.0000E+00
  5.0000E+01  8.8000E+01  0.0000E+00  1.0000E+00  1.0000E+00  6.6893E+01 -2.0419E+01  0.0000E+00  0.0000E+00  4.1733E+01  0.0000E+00  0.0000E+00
  5.0000E+01  8.9000E+01  6.7900E+01  0.0000E+00  0.0000E+00  6.6452E+01  4.4287E-01  1.3065E+00  6.7900E+01  4.1558E+01  2.6342E+01  1.6509E+00
  5.0000E+01  9.6500E+01  0.0000E+00  1.0000E+00  1.0000E+00  6.6290E+01 -2.0293E+01  0.0000E+00  0.0000E+00  4.2045E+01  0.0000E+00  0.0000E+00
  5.0000E+01  1.0850E+02  0.0000E+00  1.0000E+00  1.0000E+00  6.4289E+01 -1.9867E+01  0.0000E+00  0.0000E+00  4.1752E+01  0.0000E+00  0.0000E+00
  5.0000E+01  1.2050E+02  0.0000E+00  1.0000E+00  1.0000E+00  6.3660E+01 -1.9730E+01  0.0000E+00  0.0000E+00  4.2185E+01  0.0000E+00  0.0000E+00
  5.0000E+01  1.3250E+02  0.0000E+00  1.0000E+00  1.0000E+00  6.3078E+01 -1.9603E+01  0.0000E+00  0.0000E+00  4.2597E+01  0.0000E+00  0.0000E+00
  5.0000E+01  1.4450E+02  0.0000E+00  1.0000E+00  1.0000E+00  6.2542E+01 -1.9484E+01  0.0000E+00  0.0000E+00  4.2988E+01  0.0000E+00  0.0000E+00
  5.0000E+01  1.5700E+02  0.0000E+00  1.0000E+00  1.0000E+00  6.1855E+01 -1.9331E+01  0.0000E+00  0.0000E+00  4.3274E+01  0.0000E+00  0.0000E+00
  5.0000E+01  1.6200E+02  5.8700E+01  0.0000E+00  0.0000E+00  5.9846E+01 -3.6131E-01  5.0626E-02  5.8700E+01  4.2373E+01  1.6327E+01  2.0426E-02
  5.1000E+01  0.0000E+00  0.0000E+00  1.0000E+00  1.0000E+00  1.6371E+01 -5.9654E+00  0.0000E+00  0.0000E+00  1.2796E+01  0.0000E+00  0.0000E+00
  5.1000E+01  3.0000E+00  1.2700E+01  0.0000E+00  0.0000E+00  1.6168E+01 -1.2640E+00 -1.1301E+00  1.2700E+01  1.2636E+01  6.4031E-02 -1.1188E+00
  5.1000E+01  1.1500E+01  0.0000E+00  1.0000E+00  1.0000E+00  1.7879E+01 -6.4980E+00  0.0000E+00  0.0000E+00  1.3969E+01  0.0000E+00  0.0000E+00
  5.1000E+01  1.2500E+01  0.0000E+00  1.0000E+00  1.0000E+00  2.5990E+01 -9.2814E+00  0.0000E+00  0.0000E+00  2.0309E+01  0.0000E+00  0.0000E+00
  5.1000E+01  2.4500E+01  0.0000E+00  1.0000E+00  1.0000E+00  2.6996E+01 -9.6160E+00  0.0000E+00  0.0000E+00  2.1086E+01  0.0000E+00  0.0000E+00
  5.1000E+01  3.6500E+01  0.0000E+00  1.0000E+00  1.0000E+00  2.7954E+01 -9.9318E+00  0.0000E+00  0.0000E+00  2.1826E+01  0.0000E+00  0.0000E+00
  5.1000E+01  4.9000E+01  0.0000E+00  1.0000E+00  1.0000E+00  2.8809E+01 -1.0212E+01  0.0000E+00  0.0000E+00  2.2485E+01  0.0000E+00  0.0000E+00
  5.1000E+01  6.0000E+01  3.1300E+01  0.0000E+00  0.0000E+00  2.7519E+01  1.3450E+00  1.6738E+00  3.1300E+01  2.1468E+01  9.8318E+00  1.7431E+00
  5.1000E+01  6.0500E+01  0.0000E+00  1.0000E+00  1.0000E+00  2.9735E+01 -1.0513E+01  0.0000E+00  0.0000E+00  2.3200E+01  0.0000E+00  0.0000E+00
  5.1000E+01  7.2500E+01  0.0000E+00  1.0000E+00  1.0000E+00  3.0559E+01 -1.0779E+01  0.0000E+00  0.0000E+00  2.3835E+01  0.0000E+00  0.0000E+00
  5.1000E+01  8.4500E+01  0.0000E+00  1.0000E+00  1.0000E+00  3.1343E+01 -1.1030E+01  0.0000E+00  0.0000E+00  2.4439E+01  0.0000E+00  0.0000E+00
  5.1000E+01  9.6500E+01  0.0000E+00  1.0000E+00  1.0000E+00  3.2088E+01 -1.1267E+01  0.0000E+00  0.0000E+00  2.5014E+01  0.0000E+00  0.0000E+00
  5.1000E+01  1.0850E+02  0.0000E+00  1.0000E+00  1.0000E+00  3.2797E+01 -1.1491E+01  0.0000E+00  0.0000E+00  2.5559E+01  0.0000E+00  0.0000E+00
  5.1000E+01  1.2050E+02  0.0000E+00  1.0000E+00  1.0000E+00  3.3472E+01 -1.1703E+01  0.0000E+00  0.0000E+00  2.6078E+01  0.0000E+00  0.0000E+00
  5.1000E+01  1.3200E+02  3.1100E+01  0.0000E+00  0.0000E+00  3.1906E+01 -2.8320E-01  2.0891E-01  3.1100E+01  2.4847E+01  6.2531E+00  2.8223E-01
  5.2000E+01  0.0000E+00  0.0000E+00  1.0000E+00  1.0000E+00  1.5186E+01 -5.5441E+00  0.0000E+00  0.0000E+00  6.7537E+00  0.0000E+00  0.0000E+00
  5.2000E+01  2.0000E+00  1.4300E+01  0.0000E+00  0.0000E+00  1.4908E+01 -2.2218E-01  8.0302E-01  1.4300E+01  6.6971E+00  7.6029E+00  1.1617E+00
  5.2000E+01  4.0000E+00  0.0000E+00  1.0000E+00  1.0000E+00  2.9822E+01 -1.0541E+01  0.0000E+00  0.0000E+00  1.3395E+01  0.0000E+00  0.0000E+00
  5.2000E+01  1.2500E+01  0.0000E+00  1.0000E+00  1.0000E+00  4.1959E+01 -1.4253E+01  0.0000E+00  0.0000E+00  1.9322E+01  0.0000E+00  0.0000E+00
  5.2000E+01  3.5500E+01  0.0000E+00  1.0000E+00  1.0000E+00  3.7935E+01 -1.3071E+01  0.0000E+00  0.0000E+00  1.9318E+01  0.0000E+00  0.0000E+00
  5.2000E+01  3.7500E+01  0.0000E+00  1.0000E+00  1.0000E+00  4.1238E+01 -1.4045E+01  0.0000E+00  0.0000E+00  2.0933E+01  0.0000E+00  0.0000E+00
  5.2000E+01  5.9500E+01  0.0000E+00  1.0000E+00  1.0000E+00  3.7660E+01 -1.2989E+01  0.0000E+00  0.0000E+00  2.0860E+01  0.0000E+00  0.0000E+00
  5.2000E+01  7.1500E+01  0.0000E+00  1.0000E+00  1.0000E+00  3.7710E+01 -1.3004E+01  0.0000E+00  0.0000E+00  2.1610E+01  0.0000E+00  0.0000E+00
  5.2000E+01  8.3000E+01  3.8100E+01  0.0000E+00  0.0000E+00  3.3915E+01  1.4614E+00  2.2363E+00  3.8100E+01  2.0590E+01  1.7510E+01  2.7811E+00
  5.2000E+01  8.3500E+01  0.0000E+00  1.0000E+00  1.0000E+00  3.7755E+01 -1.3017E+01  0.0000E+00  0.0000E+00  2.2324E+01  0.0000E+00  0.0000E+00
  5.2000E+01  9.5500E+01  0.0000E+00  1.0000E+00  1.0000E+00  3.7795E+01 -1.3030E+01  0.0000E+00  0.0000E+00  2.3002E+01  0.0000E+00  0.0000E+00
  5.2000E+01  1.0750E+02  0.0000E+00  1.0000E+00  1.0000E+00  3.7831E+01 -1.3040E+01  0.0000E+00  0.0000E+00  2.3647E+01  0.0000E+00  0.0000E+00
  5.2000E+01  1.1950E+02  0.0000E+00  1.0000E+00  1.0000E+00  3.7863E+01 -1.3050E+01  0.0000E+00  0.0000E+00  2.4260E+01  0.0000E+00  0.0000E+00
  5.2000E+01  1.3150E+02  0.0000E+00  1.0000E+00  1.0000E+00  3.7892E+01 -1.3059E+01  0.0000E+00  0.0000E+00  2.4843E+01  0.0000E+00  0.0000E+00
  5.2000E+01  1.4350E+02  0.0000E+00  1.0000E+00  1.0000E+00  3.7918E+01 -1.3066E+01  0.0000E+00  0.0000E+00  2.5397E+01  0.0000E+00  0.0000E+00
  5.2000E+01  1.5500E+02  3.1200E+01  0.0000E+00  0.0000E+00  3.4101E+01 -1.0125E+00 -9.0866E-01  3.1200E+01  2.4198E+01  7.0020E+00 -6.7239E-01
  5.3000E+01  0.0000E+00  0.0000E+00  1.0000E+00  1.0000E+00  1.1087E+01 -4.0698E+00  0.0000E+00  0.0000E+00  1.2086E+01  0.0000E+00  0.0000E+00
  5.3000E+01  4.0000E+00  0.0000E+00  1.0000E+00  1.0000E+00  2.2029E+01 -7.9404E+00  0.0000E+00  0.0000E+00  2.3969E+01  0.0000E+00  0.0000E+00
  5.3000E+01  6.0000E+00  1.9100E+01  0.0000E+00  0.0000E+00  2.1885E+01 -1.0042E+00 -1.1401E+00  1.9100E+01  2.3769E+01 -4.6686E+00 -1.0835E+00
  5.3000E+01  2.3800E+01  0.0000E+00  1.0000E+00  1.0000E+00  2.3255E+01 -8.3594E+00  0.0000E+00  0.0000E+00  2.4897E+01  0.0000E+00  0.0000E+00
  5.3000E+01  2.7000E+01  0.0000E+00  1.0000E+00  1.0000E+00  2.7903E+01 -9.9152E+00  0.0000E+00  0.0000E+00  2.9896E+01  0.0000E+00  0.0000E+00
  5.3000E+01  2.8000E+01  0.0000E+00  1.0000E+00  1.0000E+00  3.0421E+01 -1.0734E+01  0.0000E+00  0.0000E+00  3.2615E+01  0.0000E+00  0.0000E+00
  5.3000E+01  3.9500E+01  0.0000E+00  1.0000E+00  1.0000E+00  3.1905E+01 -1.1209E+01  0.0000E+00  0.0000E+00  3.3918E+01  0.0000E+00  0.0000E+00
  5.3000E+01  4.7000E+01  3.3300E+01  0.0000E+00  0.0000E+00  3.1131E+01  7.6369E-01  6.8295E-01  3.3300E+01  3.2864E+01  4.3556E-01  6.8345E-01
  5.4000E+01  0.0000E+00  0.0000E+00  1.0000E+00  1.0000E+00  1.2899E+01 -4.7247E+00  0.0000E+00  0.0000E+00  1.2796E+01  0.0000E+00  0.0000E+00
  5.4000E+01  3.7000E+00  0.0000E+00  1.0000E+00  1.0000E+00  2.5604E+01 -9.1525E+00  0.0000E+00  0.0000E+00  2.5395E+01  0.0000E+00  0.0000E+00
  5.4000E+01  9.7000E+00  2.5500E+01  0.0000E+00  0.0000E+00  2.4982E+01  1.8540E-01  1.7485E-01  2.5500E+01  2.4762E+01  7.3771E-01  1.7499E-01
  5.4000E+01  1.5700E+01  0.0000E+00  1.0000E+00  1.0000E+00  2.7528E+01 -9.7917E+00  0.0000E+00  0.0000E+00  2.7273E+01  0.0000E+00  0.0000E+00
  5.4000E+01  2.7700E+01  0.0000E+00  1.0000E+00  1.0000E+00  2.9360E+01 -1.0391E+01  0.0000E+00  0.0000E+00  2.9059E+01  0.0000E+00  0.0000E+00
  5.4000E+01  2.9700E+01  2.9400E+01  0.0000E+00  0.0000E+00  2.9120E+01  9.9106E-02  9.5631E-02  2.9400E+01  2.8815E+01  5.8495E-01  9.5871E-02
  5.4000E+01  3.9700E+01  0.0000E+00  1.0000E+00  1.0000E+00  3.1104E+01 -1.0953E+01  0.0000E+00  0.0000E+00  3.0756E+01  0.0000E+00  0.0000E+00
  5.4000E+01  5.1700E+01  0.0000E+00  1.0000E+00  1.0000E+00  3.2764E+01 -1.1481E+01  0.0000E+00  0.0000E+00  3.2370E+01  0.0000E+00  0.0000E+00
  5.4000E+01  6.3200E+01  2.9500E+01  0.0000E+00  0.0000E+00  3.1255E+01 -6.1770E-01 -6.0609E-01  2.9500E+01  3.0841E+01 -1.3412E+00 -6.0612E-01
  5.4000E+01  6.3700E+01  0.0000E+00  1.0000E+00  1.0000E+00  3.4344E+01 -1.1975E+01  0.0000E+00  0.0000E+00  3.3904E+01  0.0000E+00  0.0000E+00
  5.4000E+01  7.5700E+01  0.0000E+00  1.0000E+00  1.0000E+00  3.5848E+01 -1.2439E+01  0.0000E+00  0.0000E+00  3.5363E+01  0.0000E+00  0.0000E+00
  5.4000E+01  8.7700E+01  0.0000E+00  1.0000E+00  1.0000E+00  3.7281E+01 -1.2875E+01  0.0000E+00  0.0000E+00  3.6751E+01  0.0000E+00  0.0000E+00
  5.4000E+01  9.9700E+01  0.0000E+00  1.0000E+00  1.0000E+00  3.8644E+01 -1.3283E+01  0.0000E+00  0.0000E+00  3.8069E+01  0.0000E+00  0.0000E+00
  5.4000E+01  1.1130E+02  3.7900E+01  0.0000E+00  0.0000E+00  3.6849E+01  3.6336E-01  3.9582E-01  3.7900E+01  3.6256E+01  1.6438E+00  3.9687E-01
  5.5000E+01  0.0000E+00  0.0000E+00  1.0000E+00  1.0000E+00  1.5103E+01 -5.5147E+00  0.0000E+00  0.0000E+00  1.7773E+01  0.0000E+00  0.0000E+00
  5.5000E+01  1.2000E+01  0.0000E+00  1.0000E+00  1.0000E+00  1.6256E+01 -5.9248E+00  0.0000E+00  0.0000E+00  1.9031E+01  0.0000E+00  0.0000E+00
  5.5000E+01  2.4000E+01  0.0000E+00  1.0000E+00  1.0000E+00  1.7359E+01 -6.3149E+00  0.0000E+00  0.0000E+00  2.0227E+01  0.0000E+00  0.0000E+00
  5.5000E+01  3.6000E+01  0.0000E+00  1.0000E+00  1.0000E+00  1.8414E+01 -6.6858E+00  0.0000E+00  0.0000E+00  2.1364E+01  0.0000E+00  0.0000E+00
  5.5000E+01  4.8000E+01  0.0000E+00  1.0000E+00  1.0000E+00  1.9422E+01 -7.0385E+00  0.0000E+00  0.0000E+00  2.2445E+01  0.0000E+00  0.0000E+00
  5.5000E+01  6.0000E+01  0.0000E+00  1.0000E+00  1.0000E+00  2.0386E+01 -7.3738E+00  0.0000E+00  0.0000E+00  2.3472E+01  0.0000E+00  0.0000E+00
  5.5000E+01  7.2000E+01  0.0000E+00  1.0000E+00  1.0000E+00  2.1309E+01 -7.6927E+00  0.0000E+00  0.0000E+00  2.4450E+01  0.0000E+00  0.0000E+00
  5.5000E+01  7.4000E+01  2.0800E+01  0.0000E+00  0.0000E+00  2.1151E+01 -1.2664E-01 -3.9441E-01  2.0800E+01  2.4245E+01 -3.4448E+00 -3.7449E-01
  5.6000E+01  0.0000E+00  0.0000E+00  1.0000E+00  1.0000E+00  1.7374E+01 -6.3203E+00  0.0000E+00  0.0000E+00  8.5310E+00  0.0000E+00  0.0000E+00
  5.6000E+01  1.2700E+01  0.0000E+00  1.0000E+00  1.0000E+00  1.7938E+01 -6.5189E+00  0.0000E+00  0.0000E+00  9.1535E+00  0.0000E+00  0.0000E+00
  5.6000E+01  2.0000E+01  1.8800E+01  0.0000E+00  0.0000E+00  1.6965E+01  6.6816E-01  1.7388E+00  1.8800E+01  8.8767E+00  9.9233E+00  2.1664E+00
  5.7000E+01  0.0000E+00  0.0000E+00  1.0000E+00  1.0000E+00  9.7077E+00 -3.5689E+00  0.0000E+00  0.0000E+00  1.4218E+01  0.0000E+00  0.0000E+00
  5.7000E+01  5.0000E-01  0.0000E+00  1.0000E+00  1.0000E+00  1.9396E+01 -7.0293E+00  0.0000E+00  0.0000E+00  2.8407E+01  0.0000E+00  0.0000E+00
  5.7000E+01  1.7000E+00  2.0200E+01  0.0000E+00  0.0000E+00  1.9301E+01  3.2594E-01 -3.4071E-02  2.0200E+01  2.8264E+01 -8.0636E+00 -9.2285E-03
  5.7000E+01  1.2200E+01  0.0000E+00  1.0000E+00  1.0000E+00  2.0918E+01 -7.5577E+00  0.0000E+00  0.0000E+00  3.0597E+01  0.0000E+00  0.0000E+00
  5.7000E+01  2.4700E+01  0.0000E+00  1.0000E+00  1.0000E+00  2.2303E+01 -8.0346E+00  0.0000E+00  0.0000E+00  3.2584E+01  0.0000E+00  0.0000E+00
  5.7000E+01  3.7200E+01  0.0000E+00  1.0000E+00  1.0000E+00  2.3620E+01 -8.4837E+00  0.0000E+00  0.0000E+00  3.4470E+01  0.0000E+00  0.0000E+00
  5.7000E+01  4.7800E+01  0.0000E+00  1.0000E+00  1.0000E+00  2.5046E+01 -8.9654E+00  0.0000E+00  0.0000E+00  3.6521E+01  0.0000E+00  0.0000E+00
  5.7000E+01  6.0200E+01  0.0000E+00  1.0000E+00  1.0000E+00  2.6236E+01 -9.3636E+00  0.0000E+00  0.0000E+00  3.8219E+01  0.0000E+00  0.0000E+00
  5.7000E+01  7.2200E+01  0.0000E+00  1.0000E+00  1.0000E+00  2.7894E+01 -9.9121E+00  0.0000E+00  0.0000E+00  4.0603E+01  0.0000E+00  0.0000E+00
  5.7000E+01  8.4200E+01  0.0000E+00  1.0000E+00  1.0000E+00  2.9472E+01 -1.0428E+01  0.0000E+00  0.0000E+00  4.2870E+01  0.0000E+00  0.0000E+00
  5.7000E+01  9.6200E+01  0.0000E+00  1.0000E+00  1.0000E+00  3.0975E+01 -1.0912E+01  0.0000E+00  0.0000E+00  4.5025E+01  0.0000E+00  0.0000E+00
  5.7000E+01  1.0900E+02  2.7800E+01  0.0000E+00  0.0000E+00  2.9397E+01 -5.6520E-01 -1.3338E+00  2.7800E+01  4.2664E+01 -1.4864E+01 -1.1415E+00
  5.8000E+01  0.0000E+00  0.0000E+00  1.0000E+00  1.0000E+00  1.2024E+01 -4.4091E+00  0.0000E+00  0.0000E+00  9.9528E+00  0.0000E+00  0.0000E+00
  5.8000E+01  5.0000E-01  0.0000E+00  1.0000E+00  1.0000E+00  2.4014E+01 -8.6170E+00  0.0000E+00  0.0000E+00  1.9885E+01  0.0000E+00  0.0000E+00
  5.8000E+01  8.5000E+00  2.2400E+01  0.0000E+00  0.0000E+00  2.2916E+01 -1.8572E-01  1.0714E-01  2.2400E+01  1.9227E+01  3.1734E+00  1.8826E-01
  5.8000E+01  1.2000E+01  0.0000E+00  1.0000E+00  1.0000E+00  2.5458E+01 -9.1036E+00  0.0000E+00  0.0000E+00  2.1434E+01  0.0000E+00  0.0000E+00
  5.8000E+01  2.4300E+01  0.0000E+00  1.0000E+00  1.0000E+00  2.6698E+01 -9.5170E+00  0.0000E+00  0.0000E+00  2.2841E+01  0.0000E+00  0.0000E+00
  5.8000E+01  3.5800E+01  0.0000E+00  1.0000E+00  1.0000E+00  2.7968E+01 -9.9364E+00  0.0000E+00  0.0000E+00  2.4251E+01  0.0000E+00  0.0000E+00
  5.8000E+01  4.7500E+01  2.7900E+01  0.0000E+00  0.0000E+00  2.6119E+01  6.3588E-01  8.0622E-01  2.7900E+01  2.3086E+01  4.8141E+00  8.5407E-01
  5.8000E+01  4.8000E+01  0.0000E+00  1.0000E+00  1.0000E+00  2.9049E+01 -1.0290E+01  0.0000E+00  0.0000E+00  2.5526E+01  0.0000E+00  0.0000E+00
  5.8000E+01  5.9500E+01  0.0000E+00  1.0000E+00  1.0000E+00  3.0166E+01 -1.0652E+01  0.0000E+00  0.0000E+00  2.6808E+01  0.0000E+00  0.0000E+00
  5.8000E+01  7.2000E+01  0.0000E+00  1.0000E+00  1.0000E+00  3.1046E+01 -1.0935E+01  0.0000E+00  0.0000E+00  2.7923E+01  0.0000E+00  0.0000E+00
  5.8000E+01  8.4000E+01  0.0000E+00  1.0000E+00  1.0000E+00  3.1949E+01 -1.1223E+01  0.0000E+00  0.0000E+00  2.9037E+01  0.0000E+00  0.0000E+00
  5.8000E+01  9.6300E+01  0.0000E+00  1.0000E+00  1.0000E+00  3.2738E+01 -1.1473E+01  0.0000E+00  0.0000E+00  3.0061E+01  0.0000E+00  0.0000E+00
  5.8000E+01  1.0700E+02  0.0000E+00  1.0000E+00  1.0000E+00  3.3759E+01 -1.1793E+01  0.0000E+00  0.0000E+00  3.1226E+01  0.0000E+00  0.0000E+00
  5.8000E+01  1.2030E+02  0.0000E+00  1.0000E+00  1.0000E+00  3.4239E+01 -1.1943E+01  0.0000E+00  0.0000E+00  3.2015E+01  0.0000E+00  0.0000E+00
  5.8000E+01  1.3180E+02  3.1000E+01  0.0000E+00  0.0000E+00  3.2013E+01 -3.5582E-01 -4.2578E-01  3.1000E+01  3.0503E+01  4.9710E-01 -4.4765E-01
  5.9000E+01  0.0000E+00  0.0000E+00  1.0000E+00  1.0000E+00  2.3588E+01 -8.4728E+00  0.0000E+00  0.0000E+00  1.6209E+01  0.0000E+00  0.0000E+00
  5.9000E+01  1.8000E+00  2.2600E+01  0.0000E+00  0.0000E+00  2.3397E+01 -2.8634E-01 -8.6798E-03  2.2600E+01  1.6087E+01  6.5134E+00  3.7272E-02
  5.9000E+01  1.2500E+01  0.0000E+00  1.0000E+00  1.0000E+00  2.5393E+01 -9.0819E+00  0.0000E+00  0.0000E+00  1.7511E+01  0.0000E+00  0.0000E+00
  5.9000E+01  2.4300E+01  0.0000E+00  1.0000E+00  1.0000E+00  2.7175E+01 -9.6752E+00  0.0000E+00  0.0000E+00  1.8796E+01  0.0000E+00  0.0000E+00
  5.9000E+01  3.6300E+01  0.0000E+00  1.0000E+00  1.0000E+00  2.8841E+01 -1.0222E+01  0.0000E+00  0.0000E+00  2.0003E+01  0.0000E+00  0.0000E+00
  5.9000E+01  4.8800E+01  0.0000E+00  1.0000E+00  1.0000E+00  3.0357E+01 -1.0714E+01  0.0000E+00  0.0000E+00  2.1111E+01  0.0000E+00  0.0000E+00
  5.9000E+01  6.0300E+01  0.0000E+00  1.0000E+00  1.0000E+00  3.1920E+01 -1.1214E+01  0.0000E+00  0.0000E+00  2.2247E+01  0.0000E+00  0.0000E+00
  5.9000E+01  7.2300E+01  0.0000E+00  1.0000E+00  1.0000E+00  3.3334E+01 -1.1660E+01  0.0000E+00  0.0000E+00  2.3285E+01  0.0000E+00  0.0000E+00
  5.9000E+01  7.3800E+01  3.4300E+01  0.0000E+00  0.0000E+00  3.3109E+01  4.1707E-01  9.1188E-01  3.4300E+01  2.3138E+01  1.1162E+01  1.0206E+00
  5.9000E+01  8.4300E+01  0.0000E+00  1.0000E+00  1.0000E+00  3.4674E+01 -1.2078E+01  0.0000E+00  0.0000E+00  2.4271E+01  0.0000E+00  0.0000E+00
  5.9000E+01  9.6000E+01  0.0000E+00  1.0000E+00  1.0000E+00  3.5988E+01 -1.2482E+01  0.0000E+00  0.0000E+00  2.5238E+01  0.0000E+00  0.0000E+00
  5.9000E+01  1.0830E+02  0.0000E+00  1.0000E+00  1.0000E+00  3.7141E+01 -1.2833E+01  0.0000E+00  0.0000E+00  2.6098E+01  0.0000E+00  0.0000E+00
  5.9000E+01  1.2050E+02  0.0000E+00  1.0000E+00  1.0000E+00  3.8248E+01 -1.3165E+01  0.0000E+00  0.0000E+00  2.6925E+01  0.0000E+00  0.0000E+00
  5.9000E+01  1.3230E+02  0.0000E+00  1.0000E+00  1.0000E+00  3.9360E+01 -1.3496E+01  0.0000E+00  0.0000E+00  2.7754E+01  0.0000E+00  0.0000E+00
  5.9000E+01  1.4480E+02  0.0000E+00  1.0000E+00  1.0000E+00  4.0297E+01 -1.3771E+01  0.0000E+00  0.0000E+00  2.8465E+01  0.0000E+00  0.0000E+00
  5.9000E+01  1.4680E+02  4.0200E+01  0.0000E+00  0.0000E+00  3.9934E+01  9.1185E-02  7.7030E-01  4.0200E+01  2.8227E+01  1.1973E+01  9.2067E-01
